CREATE DATABASE  IF NOT EXISTS `libsys` /*!40100 DEFAULT CHARACTER SET latin1 */;
USE `libsys`;
-- MySQL dump 10.13  Distrib 5.7.20, for Linux (x86_64)
--
-- Host: localhost    Database: libsys
-- ------------------------------------------------------
-- Server version	5.7.20-0ubuntu0.16.04.1

/*!40101 SET @OLD_CHARACTER_SET_CLIENT=@@CHARACTER_SET_CLIENT */;
/*!40101 SET @OLD_CHARACTER_SET_RESULTS=@@CHARACTER_SET_RESULTS */;
/*!40101 SET @OLD_COLLATION_CONNECTION=@@COLLATION_CONNECTION */;
/*!40101 SET NAMES utf8 */;
/*!40103 SET @OLD_TIME_ZONE=@@TIME_ZONE */;
/*!40103 SET TIME_ZONE='+00:00' */;
/*!40014 SET @OLD_UNIQUE_CHECKS=@@UNIQUE_CHECKS, UNIQUE_CHECKS=0 */;
/*!40014 SET @OLD_FOREIGN_KEY_CHECKS=@@FOREIGN_KEY_CHECKS, FOREIGN_KEY_CHECKS=0 */;
/*!40101 SET @OLD_SQL_MODE=@@SQL_MODE, SQL_MODE='NO_AUTO_VALUE_ON_ZERO' */;
/*!40111 SET @OLD_SQL_NOTES=@@SQL_NOTES, SQL_NOTES=0 */;

--
-- Table structure for table `admin`
--

DROP TABLE IF EXISTS `admin`;
/*!40101 SET @saved_cs_client     = @@character_set_client */;
/*!40101 SET character_set_client = utf8 */;
CREATE TABLE `admin` (
  `adminId` int(11) NOT NULL AUTO_INCREMENT,
  `userName` varchar(45) NOT NULL,
  `password` varchar(45) NOT NULL,
  PRIMARY KEY (`adminId`),
  UNIQUE KEY `userName_UNIQUE` (`userName`)
) ENGINE=InnoDB AUTO_INCREMENT=2 DEFAULT CHARSET=latin1;
/*!40101 SET character_set_client = @saved_cs_client */;

--
-- Dumping data for table `admin`
--

LOCK TABLES `admin` WRITE;
/*!40000 ALTER TABLE `admin` DISABLE KEYS */;
INSERT INTO `admin` VALUES (1,'admin','password');
/*!40000 ALTER TABLE `admin` ENABLE KEYS */;
UNLOCK TABLES;

--
-- Table structure for table `author`
--

DROP TABLE IF EXISTS `author`;
/*!40101 SET @saved_cs_client     = @@character_set_client */;
/*!40101 SET character_set_client = utf8 */;
CREATE TABLE `author` (
  `authorId` int(11) NOT NULL AUTO_INCREMENT,
  `name` varchar(45) NOT NULL,
  PRIMARY KEY (`authorId`)
) ENGINE=InnoDB AUTO_INCREMENT=154 DEFAULT CHARSET=latin1;
/*!40101 SET character_set_client = @saved_cs_client */;

--
-- Dumping data for table `author`
--

LOCK TABLES `author` WRITE;
/*!40000 ALTER TABLE `author` DISABLE KEYS */;
INSERT INTO `author` VALUES (1,'\nBrad Dayley'),(2,'Brendan Dayley '),(3,'Caleb Dayley '),(4,'Antonina Funk Jr.'),(5,'Maureen Zemlak'),(6,'Prof. Lenora Nolan'),(7,'Nathanael Wilderman'),(8,'Kathleen Ernser'),(9,'Franco McLaughlin III'),(10,'Catalina Hills'),(11,'Dulce Gottlieb'),(12,'Sincere Thiel'),(13,'Oswald Bayer Jr.'),(14,'Mrs. Neha Wintheiser I'),(15,'Dr. Reilly Gusikowski'),(16,'Viola Hauck'),(17,'Ms. Laisha Ebert'),(18,'Lonnie Herman'),(19,'Jacey Stokes I'),(20,'Dr. Nella Klocko'),(21,'Mabelle Volkman'),(22,'Price Hudson'),(23,'Ellie Nitzsche'),(24,'Dr. Ross Feeney III'),(25,'Ricky DuBuque'),(26,'Stuart Mertz'),(27,'Mrs. Kyra Pfannerstill'),(28,'Noe Schamberger'),(29,'Miss Eugenia Stark'),(30,'Bertha Turcotte'),(31,'Ms. Ilene Heathcote'),(32,'Dr. Ervin Windler IV'),(33,'Joannie Ankunding'),(34,'Mr. Antone Stokes'),(35,'Diego Reichert'),(36,'Maya Jaskolski'),(37,'Miss Asia Hand IV'),(38,'Mr. Rey Runte'),(39,'Brant Crooks'),(40,'Sylvester Becker'),(41,'Angelita Klein'),(42,'Ms. Pearline Littel'),(43,'Miss Cindy Torp'),(44,'Marjorie Barrows III'),(45,'Evangeline West'),(46,'Arden Lebsack'),(47,'Miss Eveline Goodwin Sr.'),(48,'Yesenia Wisozk'),(49,'Bertha Braun IV'),(50,'Marguerite Rowe'),(51,'Levi Bins'),(52,'Ms. Jakayla Crooks'),(53,'Jarrell Moore'),(54,'Muhammad Hills'),(55,'Rashawn Spencer'),(56,'Tristian Bashirian'),(57,'Mylene Pagac V'),(58,'Corine Hauck V'),(59,'Dr. Chris Rempel DDS'),(60,'Ms. Rahsaan Nader DDS'),(61,'Sylvia Champlin Jr.'),(62,'Hardy Frami'),(63,'Prof. Cameron Prosacco'),(64,'Mr. Peyton Fay'),(65,'Dr. Keven Ferry'),(66,'Marisa Bashirian'),(67,'Elian Pacocha'),(68,'Reuben Bogisich V'),(69,'Dr. Rocio Altenwerth IV'),(70,'Ms. Alysa Welch'),(71,'Christop Murphy Sr.'),(72,'Howard Schroeder'),(73,'Clementine Macejkovic'),(74,'Adah Weber'),(75,'Verner Turner Sr.'),(76,'Lyric Breitenberg'),(77,'Marcia Jaskolski'),(78,'Hubert Kirlin'),(79,'Devan Auer PhD'),(80,'Allene Koch'),(81,'Richie Hickle'),(82,'Kane Kemmer I'),(83,'Prof. Nyah Keeling'),(84,'Loyal Weber'),(85,'Mrs. Abagail Harris'),(86,'Frieda Ortiz'),(87,'Mr. Ford Reilly'),(88,'Laverne Terry'),(89,'Miss Miracle Littel'),(90,'Gayle Paucek'),(91,'Tito Casper'),(92,'Velda Bahringer'),(93,'Tierra Rempel'),(94,'Allen Hauck PhD'),(95,'Elna Mueller'),(96,'Cecilia Boyle'),(97,'Abner Halvorson'),(98,'Ferne Wiegand'),(99,'Mariah Hessel'),(100,'Lacey Murazik'),(101,'Dr. Demarcus Boehm'),(102,'Cassidy Hand'),(103,'Nathen Ortiz'),(104,'Lea Denesik'),(105,'Helena Hudson'),(106,'Melvina Schamberger'),(107,'Abagail Halvorson'),(108,'Prof. Noemi Mueller'),(109,'Lew Schulist'),(110,'Jaylon Rice DDS'),(111,'June Hand'),(112,'Rubye Mraz III'),(113,'Prof. Emil Waelchi'),(114,'Markus Rempel'),(115,'Prof. Elenora Sipes MD'),(116,'Aliyah Weber'),(117,'Kaylie Bauch DDS'),(118,'Roberto Schoen'),(119,'Nikolas Hintz I'),(120,'Prof. Carolyn Raynor'),(121,'Alberta Hansen'),(122,'Monserrat Heathcote'),(123,'Kristian Von MD'),(124,'Armand Sipes'),(125,'Mr. Jensen Fay PhD'),(126,'Kristin Jaskolski'),(127,'Alvah Vandervort'),(128,'Karlie McCullough'),(129,'Alexa Legros'),(130,'Prof. Remington Pouros PhD'),(131,'Mr. Javier Schaefer IV'),(132,'Arvilla Rempel'),(133,'Frederique Cummings Jr.'),(134,'Prof. Landen Little'),(135,'Dr. Julie Collins'),(136,'Edythe Cummerata'),(137,'Dr. Geovanni Schumm II'),(138,'Damon O\'Hara'),(139,'Prof. Kale Buckridge'),(140,'Katelynn Roberts DDS'),(141,'Willow Gibson V'),(142,'Mr. Ted Stroman I'),(143,'Mr. Jamir Bartoletti'),(144,'Gennaro Steuber'),(145,'Haven Kuphal'),(146,'Modesta Torphy'),(147,'Audreanne Reichel'),(148,'Geovanni Jaskolski'),(149,'Gerda Walsh'),(150,'Callie Larson'),(151,'Onie Littel'),(152,'Naomi Maggio'),(153,'Rebeka Goodwin MD');
/*!40000 ALTER TABLE `author` ENABLE KEYS */;
UNLOCK TABLES;

--
-- Table structure for table `book`
--

DROP TABLE IF EXISTS `book`;
/*!40101 SET @saved_cs_client     = @@character_set_client */;
/*!40101 SET character_set_client = utf8 */;
CREATE TABLE `book` (
  `bookId` int(11) NOT NULL AUTO_INCREMENT,
  `title` varchar(250) NOT NULL,
  `ISBN` varchar(45) NOT NULL,
  `publisherId` int(11) NOT NULL,
  `pubDate` date NOT NULL,
  PRIMARY KEY (`bookId`),
  UNIQUE KEY `ISBN_UNIQUE` (`ISBN`),
  KEY `fk_book_1_idx` (`publisherId`),
  CONSTRAINT `fk_book_1` FOREIGN KEY (`publisherId`) REFERENCES `publisher` (`publisherId`) ON DELETE NO ACTION ON UPDATE CASCADE
) ENGINE=InnoDB AUTO_INCREMENT=383 DEFAULT CHARSET=latin1;
/*!40101 SET character_set_client = @saved_cs_client */;

--
-- Dumping data for table `book`
--

LOCK TABLES `book` WRITE;
/*!40000 ALTER TABLE `book` DISABLE KEYS */;
INSERT INTO `book` VALUES (1,'ipsum','5121065438730735',10,'1996-10-09'),(2,'esse','1940764861080329',20,'2003-02-07'),(3,'ducimus','37530569465225',21,'2017-07-28'),(4,'laboriosam','80161125869816',30,'1982-02-09'),(5,'consequatur','3493898457456426',10,'1977-06-30'),(6,'temporibus','2781106896800082',3,'2005-01-06'),(7,'quibusdam','421986355284415',24,'1971-03-09'),(8,'ipsa','8614893978503393',23,'1979-03-18'),(9,'et','7920163307429012',37,'1983-12-12'),(10,'iste','1870881046305550',47,'1981-05-10'),(11,'voluptates','6792057296331227',31,'2006-08-05'),(12,'totam','2941783399919467',32,'1994-01-31'),(13,'non','5466622949855961',4,'2008-07-26'),(14,'adipisci','6368589670673851',15,'2002-02-23'),(15,'quaerat','3252980988351023',4,'1971-02-08'),(16,'eveniet','1739670448534144',49,'1995-03-11'),(17,'eum','6370584717481211',7,'1987-06-25'),(18,'eius','8062816190684773',40,'1981-02-21'),(19,'nostrum','8510357275819546',12,'1986-06-28'),(20,'praesentium','883123725356487',36,'1978-01-18'),(21,'cupiditate','6998104637774965',32,'2011-02-27'),(22,'facilis','7497041879862593',51,'1971-05-08'),(23,'sapiente','8864116614377080',43,'2016-06-24'),(24,'blanditiis','2158697324178228',25,'1971-10-02'),(25,'est','7083469752083113',48,'2016-02-17'),(26,'ut','6092771823954349',8,'1993-04-19'),(27,'itaque','2606575467040110',6,'1985-11-28'),(28,'quidem','4914978857843298',25,'1983-11-17'),(29,'dolor','5666109563600412',50,'1975-09-09'),(30,'quia','1330402652618661',14,'1972-06-30'),(31,'dolores','3537313232771912',13,'2001-11-11'),(32,'ea','3482097908265562',9,'1996-01-09'),(33,'qui','7961244997538254',32,'2013-08-30'),(34,'error','3626451787668885',33,'1970-05-02'),(35,'dignissimos','8158956628897926',37,'2006-03-29'),(36,'aperiam','5385541300895717',41,'1970-07-10'),(37,'mollitia','3970473214759072',34,'1990-06-02'),(38,'nesciunt','6234584854035079',10,'1976-04-10'),(39,'ullam','2539254843302583',13,'2007-04-26'),(40,'fugit','6168907341664983',19,'1982-02-21'),(41,'illo','392244001077720',6,'1978-08-13'),(42,'autem','5012347704799473',43,'1972-06-04'),(43,'quo','4493125996271800',50,'1999-07-23'),(44,'sed','4859426450464409',8,'1997-03-29'),(45,'commodi','6441935420258250',6,'1986-08-11'),(46,'reiciendis','6295475062074000',3,'2010-06-11'),(47,'explicabo','8474548980541993',5,'1995-04-12'),(48,'a','7327700295051839',12,'1976-01-05'),(49,'excepturi','3707643875358207',41,'2002-01-25'),(50,'vel','3573255867509870',16,'1995-03-25'),(51,'omnis','272577133837575',47,'1985-06-04'),(52,'officia','5678501990116294',21,'1974-07-08'),(53,'veritatis','6206675316702435',16,'1994-02-06'),(54,'laudantium','1332597429577447',39,'2008-02-03'),(55,'expedita','7423079078186722',45,'1971-02-12'),(56,'delectus','7780037003464252',13,'2009-11-18'),(57,'numquam','7770893890382722',45,'1999-05-11'),(58,'dolorum','3702209101346927',49,'1974-04-20'),(59,'velit','5257748830403760',36,'1999-10-17'),(60,'enim','6105367588990880',44,'2010-09-07'),(61,'atque','2972706432651914',12,'1993-10-09'),(62,'hic','488012743733776',47,'2008-09-13'),(63,'nemo','91877270233584',51,'1983-10-04'),(64,'voluptas','4379649762099562',43,'1988-02-12'),(65,'accusantium','1681617118584783',29,'1987-07-23'),(66,'porro','8401612292623846',37,'2000-09-21'),(67,'neque','8208612432914181',33,'2008-05-16'),(68,'modi','5702729666516604',11,'2016-02-03'),(69,'aliquid','7290989924232429',45,'2012-05-02'),(70,'libero','2110937393392948',44,'1977-11-19'),(71,'voluptatem','5007840252341889',29,'1988-03-26'),(72,'sit','3713050499060470',49,'1970-07-03'),(73,'aut','4222959819661965',36,'2004-09-25'),(74,'quos','7812401242332999',28,'1991-05-23'),(75,'voluptatum','1753152753427624',6,'1972-01-07'),(76,'incidunt','4191337869699392',41,'1986-03-17'),(77,'magnam','7147408114306349',29,'1984-05-03'),(78,'minus','4297001293006865',10,'2012-02-04'),(79,'inventore','5597602850878751',51,'2013-08-22'),(80,'consectetur','8625973834521649',19,'2014-04-12'),(81,'in','4076603328867722',24,'2010-03-30'),(82,'corrupti','5009578388289735',46,'1974-03-24'),(83,'rem','3083614191055670',39,'1979-06-29'),(84,'id','6006387334863748',38,'2013-11-02'),(85,'quod','2682299471405055',33,'1996-07-26'),(86,'sint','8367975275900634',32,'2014-07-13'),(87,'odit','1211949769026460',49,'1994-11-15'),(88,'ex','3030059650963219',27,'1986-12-25'),(89,'perspiciatis','6660992789317900',30,'2009-06-23'),(90,'quasi','430164214930916',34,'2008-05-27'),(91,'iusto','6835546217138320',19,'2001-06-19'),(92,'ab','5570679852587730',41,'1980-03-12'),(93,'harum','7422140277744178',29,'2000-12-01'),(94,'distinctio','6681912140150275',18,'1997-03-12'),(95,'molestias','5579306055253232',32,'1985-04-02'),(96,'possimus','8736497240835149',7,'1998-10-12'),(97,'magni','7142599553704914',4,'2008-05-18'),(98,'accusamus','6120062708269805',13,'1990-07-23'),(99,'placeat','6790630230308464',16,'1997-02-28'),(100,'molestiae','5156993518455559',47,'2011-10-19'),(101,'minima','4143648061136901',6,'1997-12-30'),(102,'dolorem','8350671087747207',44,'1985-03-30'),(103,'assumenda','4150949610925605',45,'1991-01-27'),(104,'vero','1703060122999362',40,'1981-07-02'),(105,'animi','7448336162396101',20,'2007-04-08'),(106,'deserunt','2751653886866849',49,'2013-08-18'),(107,'cum','4463886110622436',29,'2009-11-17'),(108,'iure','962844537165993',48,'2017-06-11'),(109,'perferendis','2395423259628238',7,'2004-06-22'),(110,'nihil','7253085929181660',29,'1996-01-26'),(111,'natus','2815828850823873',16,'1992-05-08'),(112,'unde','509163067914499',30,'2004-11-28'),(113,'eos','5665473740445357',23,'1995-11-27'),(114,'illum','2012710085643455',3,'2013-04-19'),(115,'repellat','4895491312947264',17,'1988-05-02'),(116,'sunt','499402848259732',5,'2011-04-20'),(117,'quis','8849096259914106',34,'1988-09-09'),(118,'provident','6834665393675817',15,'2011-11-20'),(119,'nobis','6074479759860598',31,'1988-02-15'),(120,'quae','8555972372661158',13,'2016-03-21'),(121,'ipsam','3659683778567379',47,'1985-01-24'),(122,'vitae','172036752453306',48,'1984-01-11'),(123,'nisi','7006216448758356',2,'1973-06-29'),(124,'nam','4290712890315754',25,'1971-01-26'),(125,'rerum','7058236815868458',15,'1972-02-08'),(126,'suscipit','4594365889994707',33,'2015-04-18'),(127,'impedit','6040415140907327',30,'2003-05-02'),(128,'saepe','6014047450104123',17,'1979-01-27'),(129,'beatae','3025952367071435',44,'1974-11-26'),(130,'ad','2389384919857839',45,'2007-01-02'),(131,'eaque','6604579720920557',13,'2011-08-13'),(132,'laborum','4179460442546848',49,'1984-10-29'),(133,'tenetur','195545483288401',37,'2008-09-17'),(134,'cumque','8949553393161064',7,'1986-07-09'),(135,'exercitationem','1175681706322822',37,'1994-11-25'),(136,'at','2728595850148471',6,'1974-06-20'),(137,'maxime','5225690724573983',4,'2017-08-01'),(138,'facere','7472261213544942',15,'2005-04-28'),(139,'labore','1689073723477404',3,'1975-03-29'),(140,'earum','3991402305254712',10,'2006-08-07'),(141,'consequuntur','7432581108755944',42,'1977-08-19'),(142,'doloremque','3829020133128669',17,'1994-12-03'),(143,'eligendi','5163741768199950',39,'1990-12-12'),(144,'optio','3568243922287831',14,'2008-02-29'),(145,'necessitatibus','6930427602710947',19,'2015-03-16'),(146,'tempore','1271448387053609',4,'1990-10-08'),(147,'voluptate','1824247861289326',18,'1993-01-15'),(148,'dolore','7835920341467112',2,'2016-10-14'),(149,'corporis','6126790464488650',17,'2008-12-22'),(150,'maiores','7120945197759289',47,'2002-11-20'),(151,'occaecati','6687786250925669',13,'1991-10-02'),(152,'culpa','559586167967179',12,'1998-08-11'),(153,'quam','7883844149211375',43,'2001-08-15'),(154,'amet','7536659716184810',13,'1990-06-30'),(155,'nulla','2560343959315493',36,'2000-07-15'),(156,'voluptatibus','6303437261939095',7,'2001-09-09'),(157,'quisquam','1732735221562301',44,'2012-09-14'),(158,'alias','2054273449039319',14,'1990-06-04'),(159,'repellendus','2947426943864301',23,'1973-09-20'),(160,'aspernatur','8767906498177070',37,'2001-04-18'),(161,'similique','2806360330731189',7,'1974-10-21'),(162,'pariatur','2127403559796838',34,'1975-08-31'),(163,'doloribus','4685385561946081',35,'1988-04-22'),(164,'deleniti','7091491965708090',42,'1988-09-22'),(165,'veniam','8507260377218947',39,'2006-01-30'),(166,'officiis','7696377013345109',20,'2012-11-30'),(167,'tempora','4975860554154124',47,'1990-01-08'),(168,'repudiandae','471123434222769',42,'1991-08-07'),(169,'reprehenderit','4051544755256409',34,'1995-11-29'),(170,'odio','4931786583006289',48,'2012-11-24'),(171,'architecto','1833905537880072',51,'1971-02-28'),(172,'soluta','583352660415507',24,'1989-06-19'),(173,'fugiat','5237763112628041',14,'1975-01-13'),(174,'dicta','6007287013207935',39,'1994-04-08'),(175,'sequi','3970288467093091',37,'1972-05-23'),(176,'quas','6087378263303032',32,'2015-01-17'),(177,'fuga','225712669536937',42,'1985-06-12'),(178,'ratione','3496957813929859',3,'2008-06-20'),(179,'asperiores','498619136448344',32,'1979-04-20'),(180,'aliquam','1717961296505387',7,'2002-06-05'),(181,'debitis','5132619734533550',48,'1980-09-01'),(182,'recusandae','5802689129792480',43,'1997-09-16'),(183,'voluptatem','8442973981288355',16,'2002-09-27'),(184,'suscipit','7980826921615331',21,'1971-08-19'),(185,'molestias','6428689184853621',6,'1986-06-15'),(186,'mollitia','2765489774225931',22,'1988-03-01'),(187,'autem','7055167912513390',21,'2007-08-15'),(188,'qui','7996069850852992',33,'2011-12-13'),(189,'blanditiis','6242698433580389',47,'1975-09-06'),(190,'reiciendis','6401456059591146',51,'2004-05-24'),(191,'debitis','5951822212507576',4,'2007-11-19'),(192,'voluptatem','6194059984330367',27,'1996-04-11'),(193,'aut','3302861420685425',37,'1977-10-26'),(194,'est','2318704041048279',8,'1993-11-04'),(195,'deleniti','1040884821208054',5,'1985-07-19'),(196,'aliquid','3354561870869947',11,'1990-02-03'),(197,'et','8219579188978672',34,'1996-01-30'),(198,'earum','3051322031562356',15,'1975-07-08'),(199,'porro','326549687369400',14,'1987-05-03'),(200,'sit','3719729774890048',11,'1979-07-20'),(201,'qui','3381394077394623',18,'1999-02-10'),(202,'in','8779548082149634',23,'1994-07-31'),(203,'velit','8845631705788849',34,'2016-11-30'),(204,'ut','8579936415990302',28,'2005-08-20'),(205,'eos','2869553244105866',29,'1986-07-15'),(206,'nesciunt','6693898836769396',15,'2015-06-15'),(207,'ipsa','3527068707942171',38,'1982-05-21'),(208,'reprehenderit','5693500711127557',13,'1971-09-04'),(209,'numquam','816163850532146',4,'2006-04-18'),(210,'dolor','3668087196912942',21,'1976-10-17'),(211,'vel','3879925828467076',33,'1987-07-16'),(212,'a','6522831877316581',22,'1977-04-22'),(213,'et','613447423634398',14,'1972-07-19'),(214,'et','5779693302868214',47,'2000-12-17'),(215,'non','810568007468245',42,'1972-09-13'),(216,'laboriosam','282700952220940',18,'2003-06-05'),(217,'voluptatum','2135708248801948',18,'2016-11-12'),(218,'perspiciatis','2432637264076574',11,'2010-08-05'),(219,'eligendi','7050514176516095',50,'2012-07-06'),(220,'commodi','7724777175737498',13,'1992-10-09'),(221,'placeat','5176528475060081',11,'1985-05-31'),(222,'et','8304821228979109',3,'1980-07-29'),(223,'dignissimos','3178891663252609',39,'2011-02-24'),(224,'minima','6037191329130018',46,'1984-06-15'),(225,'eos','8397783045943780',9,'1971-03-31'),(226,'sit','2623927037565689',42,'1994-01-29'),(227,'perspiciatis','7655142204330070',6,'2015-04-09'),(228,'reiciendis','806093809841992',41,'2001-06-06'),(229,'voluptatum','6709078868904524',5,'2014-09-09'),(230,'et','6417963016073592',19,'1973-08-31'),(231,'voluptate','6562584941571066',51,'1985-11-13'),(232,'laudantium','4960126383793680',22,'1988-02-26'),(233,'et','2544210534006543',40,'1997-12-03'),(234,'amet','1198254105158429',33,'2004-10-15'),(235,'iusto','5745681874881452',48,'1980-05-09'),(236,'ut','1409000259973853',17,'2008-03-18'),(237,'ut','397618572738394',47,'2013-05-19'),(238,'mollitia','3136970161877386',35,'1982-05-23'),(239,'magnam','6019648749726359',29,'2002-01-24'),(240,'non','3913162085706880',49,'2017-05-24'),(241,'est','2547733303993428',4,'1977-02-04'),(242,'quidem','8919434280784009',10,'1982-07-27'),(243,'sint','639790119880065',19,'2017-04-07'),(244,'et','8928554654014902',16,'1996-03-17'),(245,'ea','1437427206440223',6,'2015-10-28'),(246,'nobis','4823950049718982',10,'1993-10-19'),(247,'quia','4527177560555935',33,'1985-10-29'),(248,'quas','8433808153501619',23,'1983-07-06'),(249,'cum','4995153284830321',19,'1981-07-21'),(250,'suscipit','2908911470625736',31,'1993-02-09'),(251,'delectus','2297856157719204',34,'1987-04-21'),(252,'ratione','367608486755425',28,'2002-09-18'),(253,'non','2641962031545536',32,'1973-10-24'),(254,'velit','8677959618283529',22,'1985-10-20'),(255,'quod','2266741684445459',23,'1977-11-11'),(256,'commodi','5104328104008455',39,'1990-05-26'),(257,'sint','8845208474672725',12,'1997-10-20'),(258,'impedit','5110724984085094',28,'1975-10-22'),(259,'sit','4060857449118653',29,'1977-02-26'),(260,'est','679236455987067',16,'1996-09-09'),(261,'eius','2033890077240811',45,'1975-03-20'),(262,'sit','6065023787337542',29,'1999-01-15'),(263,'asperiores','6263717779406533',36,'2010-09-10'),(264,'sit','7917882352890307',33,'2006-09-02'),(265,'facilis','4380441436630487',11,'2017-08-21'),(266,'est','3127342458639340',33,'1989-12-18'),(267,'quis','7956597107853461',49,'1995-08-28'),(268,'architecto','8554336658241088',6,'1998-08-23'),(269,'voluptatum','4824791139210993',16,'2013-12-12'),(270,'ipsam','7463524278787011',26,'2016-04-17'),(271,'id','5174926099289441',3,'1987-11-30'),(272,'qui','2643901414752425',18,'1982-01-24'),(273,'corrupti','8367017574476451',35,'1984-06-09'),(274,'maiores','4036691739439964',21,'1988-11-09'),(275,'dicta','7684607338551525',33,'1971-02-10'),(276,'error','528989497772231',39,'2003-11-22'),(277,'unde','5615784107443783',29,'2004-03-24'),(278,'velit','7513835255366797',14,'1970-06-30'),(279,'velit','8283944901977666',10,'1993-01-09'),(280,'soluta','1322928550697583',47,'2017-09-04'),(281,'quia','3982437263727467',44,'1970-03-08'),(282,'ea','1069152052284125',43,'1989-06-20'),(283,'voluptates','8400329603279009',23,'1971-04-19'),(284,'itaque','8010377026436059',24,'1998-01-28'),(285,'tempora','8318122319139540',13,'1974-08-22'),(286,'quis','2863024027821421',45,'2003-05-12'),(287,'dolor','8619910328366607',12,'1991-05-11'),(288,'deserunt','1360819776060758',24,'2001-04-09'),(289,'et','1134795534505462',21,'2012-03-21'),(290,'illum','3247347104442259',40,'1994-11-29'),(291,'ut','3085907424946083',38,'1975-04-27'),(292,'tempora','3239765991952410',14,'1975-05-21'),(293,'architecto','4097517906259279',17,'2016-07-28'),(294,'iure','6696547367205564',23,'2008-10-04'),(295,'porro','2269023732810374',46,'1988-07-31'),(296,'non','8913128469073446',27,'1976-01-01'),(297,'illo','3674004545255424',5,'1995-01-09'),(298,'magni','2243905522620631',44,'1980-12-11'),(299,'facilis','3361220095783612',31,'1996-06-01'),(300,'velit','8534595752182091',19,'2010-12-23'),(301,'quo','2957185755374981',19,'2009-03-18'),(302,'dignissimos','1309363437711820',32,'1996-05-28'),(303,'praesentium','1928679883547593',36,'1997-11-22'),(304,'corporis','4916772502328129',2,'1971-05-21'),(305,'sit','2401726003596326',2,'2009-07-23'),(306,'incidunt','4263459082937008',18,'1973-06-08'),(307,'incidunt','981998427349794',40,'1996-10-06'),(308,'doloribus','7478225822723331',29,'1982-03-22'),(309,'eos','3255861665588943',30,'1990-06-19'),(310,'adipisci','621313932565180',49,'2008-06-28'),(311,'culpa','1638889362520072',24,'1971-04-12'),(312,'aut','7921151451587258',22,'1993-06-22'),(313,'eius','7378856396965170',40,'2008-02-12'),(314,'et','8673544981799414',46,'1996-05-12'),(315,'dicta','770746958352532',45,'1995-08-25'),(316,'est','8193630668304628',2,'1999-11-03'),(317,'id','7400862529096333',39,'1992-06-11'),(318,'corporis','15262887142691',6,'1999-02-03'),(319,'doloribus','976762482445361',24,'2002-09-07'),(320,'dolores','3870151577662304',9,'1976-07-08'),(321,'voluptas','1637190818051947',45,'1983-03-29'),(322,'aliquam','1400054199055442',11,'1997-07-28'),(323,'magni','2851624866749719',22,'1994-08-25'),(324,'sit','1205563173430739',11,'1998-01-06'),(325,'magni','6227946573638404',33,'2004-10-05'),(326,'maiores','2621916903500259',16,'1994-05-21'),(327,'voluptas','3914520416696416',36,'1987-03-19'),(328,'sint','7115018189380737',37,'2002-08-30'),(329,'dicta','6603279538738169',8,'1990-01-19'),(330,'et','4573902664691955',15,'1985-03-30'),(331,'tenetur','1721770502277650',4,'1991-04-11'),(332,'sunt','7289514583174745',25,'2004-01-14'),(333,'modi','6445061881502857',46,'1983-04-29'),(334,'occaecati','4453753742792830',39,'1976-05-24'),(335,'ducimus','4397999396655569',26,'1985-07-23'),(336,'qui','3322928827581787',46,'2006-01-12'),(337,'sunt','3826665699452255',5,'1981-03-29'),(338,'ut','4193029264483554',14,'2012-06-21'),(339,'accusamus','5700049867738085',23,'2015-06-30'),(340,'consequatur','7994234733172087',34,'1970-01-28'),(341,'velit','4644490367110213',11,'1984-09-21'),(342,'et','4301607005423540',46,'1978-11-23'),(343,'sapiente','2360864964636368',5,'2008-04-01'),(344,'nihil','5854067492162623',50,'1977-03-08'),(345,'eos','581466904029250',40,'1985-07-20'),(346,'quas','8193787177652586',48,'1995-11-17'),(347,'error','4589078451440297',50,'1997-09-24'),(348,'ad','1769094901640573',28,'1981-11-23'),(349,'incidunt','1654423714720085',3,'2016-09-19'),(350,'inventore','5702385182505799',23,'2015-02-19'),(351,'explicabo','2238368591108592',35,'1988-04-17'),(352,'id','7250492492382880',46,'2013-12-24'),(353,'delectus','7325818390107295',33,'2011-06-12'),(354,'aperiam','2439670063699083',5,'2006-09-30'),(355,'aut','322342957492405',6,'1997-02-11'),(356,'tenetur','456431290486408',15,'2016-04-14'),(357,'et','471860191134316',20,'1994-10-05'),(358,'perspiciatis','902603651187196',40,'2001-09-12'),(359,'consequuntur','959521346457954',50,'1999-12-15'),(360,'quasi','4323090594562329',27,'1974-11-10'),(361,'repudiandae','4585374986392586',3,'1981-12-17'),(362,'non','6288713837287668',3,'1987-12-29'),(363,'facilis','4022538315589353',51,'2006-12-10'),(364,'reiciendis','3105221474756114',48,'1981-04-27'),(365,'ea','7572620044923760',40,'1980-10-18'),(366,'quidem','4812086590852868',25,'2004-01-03'),(367,'impedit','3548365873052971',42,'2012-03-31'),(368,'nesciunt','8847225452486053',43,'1991-10-26'),(369,'consequatur','6387856983511103',38,'2014-06-17'),(370,'ut','8938994491782179',14,'2016-11-15'),(371,'debitis','3292303462260170',26,'1985-07-06'),(372,'vero','4536423409483116',48,'2001-06-30'),(373,'est','7583641546780523',9,'1998-03-04'),(374,'fugiat','3402376115784282',29,'1987-04-01'),(375,'dolorem','2126516709812916',46,'1999-07-23'),(376,'et','1494705633860547',47,'1988-08-11'),(377,'dolores','6225265718751820',26,'1992-05-29'),(378,'culpa','8397278460979415',45,'1980-05-07'),(379,'dignissimos','4429682999021886',24,'2015-03-24'),(380,'voluptas','1641043433218402',27,'1981-08-06'),(381,'molestiae','3776094442525320',17,'1989-10-16'),(382,'explicabo','13957034665811',8,'1987-04-20');
/*!40000 ALTER TABLE `book` ENABLE KEYS */;
UNLOCK TABLES;

--
-- Table structure for table `book_author`
--

DROP TABLE IF EXISTS `book_author`;
/*!40101 SET @saved_cs_client     = @@character_set_client */;
/*!40101 SET character_set_client = utf8 */;
CREATE TABLE `book_author` (
  `bookId` int(11) NOT NULL,
  `authorId` int(11) NOT NULL,
  PRIMARY KEY (`bookId`,`authorId`),
  KEY `fk_book_author_2_idx` (`authorId`),
  CONSTRAINT `fk_book_author_1` FOREIGN KEY (`bookId`) REFERENCES `book` (`bookId`) ON DELETE CASCADE ON UPDATE CASCADE,
  CONSTRAINT `fk_book_author_2` FOREIGN KEY (`authorId`) REFERENCES `author` (`authorId`) ON DELETE CASCADE ON UPDATE CASCADE
) ENGINE=InnoDB DEFAULT CHARSET=latin1;
/*!40101 SET character_set_client = @saved_cs_client */;

--
-- Dumping data for table `book_author`
--

LOCK TABLES `book_author` WRITE;
/*!40000 ALTER TABLE `book_author` DISABLE KEYS */;
INSERT INTO `book_author` VALUES (122,4),(272,4),(358,4),(375,4),(137,5),(150,5),(156,5),(334,5),(372,5),(243,6),(326,6),(43,7),(76,7),(136,7),(171,7),(339,7),(74,8),(260,8),(303,8),(95,9),(136,9),(161,9),(213,9),(219,9),(288,9),(57,10),(206,10),(289,10),(341,10),(377,10),(286,11),(79,12),(254,12),(353,12),(377,12),(20,13),(25,13),(116,13),(143,13),(205,13),(243,13),(287,13),(328,13),(337,13),(194,14),(198,14),(54,15),(120,15),(256,15),(4,16),(132,16),(90,17),(195,17),(330,17),(5,18),(224,18),(313,18),(343,18),(206,19),(2,21),(138,21),(186,21),(233,21),(294,21),(132,22),(209,22),(238,22),(283,22),(317,22),(5,23),(126,23),(160,23),(218,23),(307,23),(347,23),(66,24),(157,24),(24,25),(101,25),(112,25),(207,25),(283,26),(188,27),(257,27),(52,28),(155,28),(247,28),(314,28),(365,28),(95,29),(175,29),(224,29),(225,29),(230,29),(307,29),(220,30),(266,30),(324,30),(53,31),(57,31),(68,32),(322,32),(344,32),(21,33),(115,33),(211,33),(305,33),(46,34),(48,34),(88,34),(375,34),(174,35),(197,36),(289,36),(5,37),(28,37),(57,37),(374,37),(208,38),(257,38),(84,39),(117,39),(179,39),(150,40),(258,40),(274,40),(306,40),(314,40),(322,40),(326,40),(301,41),(370,41),(44,42),(154,42),(200,42),(205,42),(211,42),(235,42),(288,42),(322,42),(1,43),(17,43),(101,43),(177,43),(192,43),(344,44),(380,44),(16,45),(101,45),(111,45),(257,46),(27,47),(41,47),(141,47),(142,47),(164,47),(175,47),(355,47),(12,48),(57,48),(150,48),(39,49),(67,49),(260,49),(268,49),(300,49),(308,49),(17,50),(162,50),(172,50),(226,50),(251,50),(264,50),(300,50),(322,50),(323,50),(359,50),(24,51),(41,51),(97,51),(98,51),(208,51),(267,51),(292,51),(2,52),(39,52),(40,52),(155,52),(163,52),(222,52),(101,53),(167,53),(74,54),(208,54),(212,54),(329,54),(335,54),(64,55),(74,55),(97,55),(146,55),(207,55),(231,55),(349,55),(38,56),(214,56),(265,56),(279,56),(302,56),(18,57),(63,57),(193,57),(232,57),(332,57),(224,58),(230,58),(138,59),(288,59),(92,60),(165,60),(281,60),(303,60),(370,60),(376,60),(56,61),(60,61),(208,61),(305,61),(3,62),(7,62),(311,62),(319,62),(375,62),(76,63),(163,63),(188,63),(41,64),(295,65),(1,66),(90,66),(195,66),(228,66),(259,66),(350,66),(52,67),(62,67),(137,67),(177,67),(5,68),(93,68),(164,68),(298,68),(352,68),(181,69),(334,69),(342,69),(316,70),(331,70),(7,71),(171,71),(203,71),(192,72),(286,72),(343,72),(69,73),(176,73),(220,73),(248,73),(311,73),(36,74),(66,74),(170,74),(193,74),(287,74),(1,75),(65,75),(233,75),(239,75),(325,75),(372,75),(69,76),(106,76),(174,76),(259,76),(147,77),(153,77),(173,77),(187,77),(249,77),(319,77),(104,78),(121,78),(266,78),(329,78),(43,79),(51,79),(153,79),(175,79),(222,79),(342,79),(358,79),(177,80),(319,80),(84,81),(118,81),(166,81),(258,81),(359,81),(35,82),(110,82),(242,82),(289,82),(145,83),(268,83),(298,83),(63,84),(142,84),(244,84),(10,85),(57,85),(212,85),(110,86),(293,86),(93,87),(149,87),(285,87),(144,88),(169,88),(296,88),(30,89),(64,89),(338,89),(132,90),(191,90),(229,90),(259,90),(324,90),(16,91),(166,91),(318,91),(368,91),(371,91),(12,92),(126,92),(129,92),(160,92),(206,92),(33,93),(42,93),(99,93),(296,93),(313,93),(367,93),(142,94),(208,94),(265,94),(381,94),(86,95),(174,95),(201,95),(215,95),(274,95),(293,95),(369,95),(96,96),(269,96),(359,96),(66,97),(128,97),(153,97),(259,97),(138,98),(150,98),(345,98),(59,99),(318,99),(46,100),(29,101),(82,101),(149,101),(263,101),(347,101),(184,102),(303,102),(378,102),(33,103),(59,103),(230,103),(248,103),(301,103),(96,104),(263,104),(281,104),(148,105),(168,105),(287,105),(302,105),(363,105),(79,106),(101,106),(252,106),(329,106),(361,106),(1,107),(212,107),(366,107),(41,108),(63,108),(134,108),(224,108),(236,108),(329,108),(342,109),(345,109),(350,109),(380,109),(173,110),(256,110),(362,110),(363,110),(55,112),(119,112),(219,112),(254,112),(278,112),(303,112),(334,112),(168,113),(190,113),(263,113),(29,114),(38,114),(272,114),(336,114),(118,115),(237,115),(10,116),(93,116),(263,116),(295,116),(325,116),(378,116),(296,117),(152,118),(229,118),(231,118),(275,118),(316,118),(19,119),(268,120),(78,121),(138,121),(263,121),(287,121),(361,121),(43,122),(48,122),(159,122),(199,122),(9,123),(95,123),(188,123),(312,123),(29,124),(82,124),(95,124),(102,124),(124,124),(194,124),(297,124),(154,125),(41,126),(87,126),(95,126),(114,126),(289,126),(342,126),(203,127),(278,127),(61,128),(67,128),(74,128),(258,128),(361,128),(118,129),(207,129),(237,129),(258,129),(278,129),(358,129),(4,130),(95,130),(105,130),(133,130),(382,130),(73,131),(111,131),(189,131),(246,131),(43,132),(72,132),(119,132),(286,132),(311,132),(11,133),(56,133),(145,133),(166,133),(281,133),(372,133),(28,134),(82,135),(121,135),(123,135),(279,136),(29,137),(142,137),(200,137),(292,137),(357,137),(375,137),(147,138),(242,138),(311,138),(326,138),(11,139),(94,139),(96,139),(179,139),(324,139),(14,140),(111,140),(114,140),(132,140),(184,140),(223,140),(378,140),(27,141),(61,141),(95,141),(122,141),(182,141),(211,141),(1,142),(225,142),(257,142),(348,142),(262,143),(273,143),(311,143),(3,144),(77,144),(87,144),(144,144),(169,144),(208,144),(310,144),(336,144),(52,145),(65,145),(100,145),(51,146),(116,146),(127,146),(82,147),(94,147),(141,147),(252,147),(302,147),(312,147),(26,148),(137,148),(283,148),(377,148),(190,149),(194,149),(208,149),(345,149),(61,150),(65,150),(120,150),(131,150),(149,150),(231,150),(347,150),(12,151),(88,151),(336,151),(351,151),(356,151),(119,152),(155,152),(217,152),(244,152),(90,153),(277,153),(280,153),(284,153);
/*!40000 ALTER TABLE `book_author` ENABLE KEYS */;
UNLOCK TABLES;

--
-- Table structure for table `book_reservation`
--

DROP TABLE IF EXISTS `book_reservation`;
/*!40101 SET @saved_cs_client     = @@character_set_client */;
/*!40101 SET character_set_client = utf8 */;
CREATE TABLE `book_reservation` (
  `bookId` int(11) NOT NULL,
  `libId` int(11) NOT NULL,
  `copyId` int(11) NOT NULL,
  `readerId` int(11) NOT NULL,
  `BDateTime` datetime NOT NULL DEFAULT CURRENT_TIMESTAMP,
  `pickedUp` datetime DEFAULT NULL,
  `RDateTime` datetime DEFAULT NULL,
  `charges` decimal(13,2) NOT NULL DEFAULT '0.00',
  PRIMARY KEY (`bookId`,`libId`,`copyId`,`readerId`,`BDateTime`),
  KEY `fk_book_reservation_2_idx` (`readerId`),
  CONSTRAINT `fk_book_reservation_1` FOREIGN KEY (`bookId`, `libId`, `copyId`) REFERENCES `branch_book` (`bookId`, `libId`, `copyId`) ON DELETE NO ACTION ON UPDATE NO ACTION,
  CONSTRAINT `fk_book_reservation_2` FOREIGN KEY (`readerId`) REFERENCES `reader` (`readerId`) ON DELETE NO ACTION ON UPDATE CASCADE
) ENGINE=InnoDB DEFAULT CHARSET=latin1;
/*!40101 SET character_set_client = @saved_cs_client */;

--
-- Dumping data for table `book_reservation`
--

LOCK TABLES `book_reservation` WRITE;
/*!40000 ALTER TABLE `book_reservation` DISABLE KEYS */;
INSERT INTO `book_reservation` VALUES (4,18,1,205,'2017-12-12 03:58:19','2017-12-12 15:06:29','2017-12-12 16:26:57',0.00),(4,18,2,205,'2017-12-12 03:56:45','2017-12-12 16:27:06','2017-12-12 16:27:14',0.00),(4,36,1,205,'2017-12-12 03:56:50','2017-12-12 15:19:42','2017-12-12 16:27:46',0.00),(4,56,1,205,'2017-12-12 03:57:30','2017-12-12 22:12:44','2017-12-12 22:12:51',0.00),(4,76,1,205,'2017-12-12 03:56:40','2017-12-12 15:19:48','2017-12-12 16:37:22',0.00),(4,121,1,205,'2017-12-12 03:56:21','2017-12-12 22:15:46',NULL,0.00),(4,170,1,205,'2017-12-12 03:56:25','2017-12-12 15:19:52','2017-12-12 16:37:27',0.00),(4,178,1,205,'2017-12-12 03:56:30',NULL,NULL,0.00),(4,200,1,205,'2017-12-12 03:56:35','2017-12-12 15:19:56','2017-12-12 16:37:37',0.00),(7,18,1,205,'2017-12-12 22:13:36','2017-12-12 22:13:58','2017-12-12 22:14:38',0.00),(7,18,1,205,'2017-12-12 22:15:09',NULL,NULL,0.00),(7,28,1,205,'2017-12-12 03:54:10','2017-12-12 22:14:21','2017-12-12 22:14:45',0.00),(7,141,5,205,'2017-12-12 16:39:04',NULL,NULL,0.00),(7,141,11,205,'2017-12-12 16:39:12',NULL,NULL,0.00),(7,184,1,205,'2017-12-12 03:53:46','2017-12-12 17:07:12','2017-12-12 17:07:17',0.00),(16,141,1,205,'2017-12-12 17:09:46',NULL,NULL,0.00),(19,17,2,205,'2017-12-12 03:54:26','2017-12-12 16:29:59','2017-12-12 16:30:17',0.00),(19,17,6,205,'2017-12-12 03:54:39','2017-12-12 16:30:30','2017-12-12 16:30:34',0.00),(19,18,1,205,'2017-12-12 03:54:54','2017-12-12 16:30:44','2017-12-12 16:30:49',0.00),(19,26,1,205,'2017-12-12 03:54:48','2017-12-12 16:30:55','2017-12-12 16:31:00',0.00),(19,28,1,205,'2017-12-12 03:54:32','2017-12-12 16:36:25','2017-12-12 16:36:29',0.00),(67,54,1,205,'2017-12-12 03:55:07',NULL,NULL,0.00),(67,81,1,205,'2017-12-12 03:55:12',NULL,NULL,0.00),(67,177,1,205,'2017-12-12 03:55:18',NULL,NULL,0.00),(99,31,2,205,'2017-12-12 03:55:30','2017-12-12 16:36:36','2017-12-12 16:36:50',0.00),(99,178,1,205,'2017-12-12 03:55:34','2017-12-12 16:36:41','2017-12-12 16:36:57',0.00),(99,180,1,205,'2017-12-12 03:55:38','2017-12-12 16:36:44','2017-12-12 16:37:02',0.00),(99,197,1,205,'2017-12-12 03:55:53','2017-12-12 16:36:47','2017-12-12 16:37:07',0.00);
/*!40000 ALTER TABLE `book_reservation` ENABLE KEYS */;
UNLOCK TABLES;

--
-- Table structure for table `branch`
--

DROP TABLE IF EXISTS `branch`;
/*!40101 SET @saved_cs_client     = @@character_set_client */;
/*!40101 SET character_set_client = utf8 */;
CREATE TABLE `branch` (
  `libId` int(11) NOT NULL,
  `name` varchar(45) NOT NULL,
  `location` varchar(100) NOT NULL,
  PRIMARY KEY (`libId`)
) ENGINE=InnoDB DEFAULT CHARSET=latin1;
/*!40101 SET character_set_client = @saved_cs_client */;

--
-- Dumping data for table `branch`
--

LOCK TABLES `branch` WRITE;
/*!40000 ALTER TABLE `branch` DISABLE KEYS */;
INSERT INTO `branch` VALUES (1,'secaucus Junction','secaucus, new Jersey'),(5,'South Franzhaven','69434 Brant Crescent\nFaheyshire, IN 05966'),(17,'New Reymundomouth','08789 Kutch Brook Apt. 466\nEast Elodytown, MN 84788-3190'),(18,'Kohlerborough','3056 Stanton Canyon\nPort Scarletthaven, AR 59234'),(22,'Dylanton','96561 Jack Station Suite 586\nWest Lori, RI 47857'),(24,'Pasqualeland','32685 Jaleel Island Suite 488\nNew Odessa, UT 39800'),(26,'West Maribelville','156 Elisabeth Alley\nColechester, MO 12705-7635'),(28,'West Carmenstad','0755 Osinski Camp\nRosenbaumville, ID 20055-0778'),(30,'Lake Camilaberg','4388 Skiles Square Apt. 369\nLake Jackeline, AR 72593-5414'),(31,'Port Virgil','9795 Cassie Lodge\nRunolfssonberg, NJ 85984-2201'),(35,'East Blaise','762 Heathcote Drives Apt. 243\nOrnland, PA 68526-9280'),(36,'West Ward','3337 Bernhard Parkways Apt. 937\nAntoinettefurt, MS 84846'),(38,'East Arlobury','06497 Buster Place\nSouth Adela, VA 55094'),(42,'Colinville','147 Rogahn Route Apt. 511\nVonfurt, WI 91778'),(50,'Skilesport','8491 Nikolaus Parkways\nNorth Louhaven, ND 99218'),(52,'North Mohammad','6069 Swaniawski Glens\nSouth Eulafort, TN 31547-2260'),(54,'Hansenhaven','80559 Bernice Points\nDietrichbury, NH 07725-4830'),(56,'Port Dameon','72660 Rutherford Street\nWest Elijah, CT 98911-3487'),(69,'Kaylifurt','23947 Kane Junction\nOpalburgh, UT 59238'),(72,'East Adeleport','448 Harber Parkway Suite 061\nEllaview, OH 19879-6457'),(73,'New Manuel','2480 Lind Point Suite 109\nSouth Laurie, ME 40532'),(76,'North Shaniyaberg','635 Bradly Road Apt. 492\nWest Rolando, TX 84100-7382'),(77,'Mosciskiport','21689 Mann Greens Apt. 868\nJaylanton, NJ 73459'),(79,'Beahanfurt','611 Audreanne Meadow\nNew Violet, WI 58477'),(80,'West Ova','98870 Ziemann Mountain Suite 876\nEldridgeside, NE 95975-7676'),(81,'Port Mose','4091 Fadel Trail Apt. 934\nSouth Skylaport, OH 09139'),(86,'Tellymouth','91007 Treutel Rue Suite 281\nRamonstad, LA 92214-1728'),(89,'South Kennithville','673 Torphy Place\nWest Taureanmouth, PA 86995-2978'),(97,'Leschshire','4335 Velva Locks\nGiovannyside, NE 84589'),(98,'East Nicholaschester','374 Abbey Plain Apt. 486\nPort Madisenberg, ND 80261-4857'),(99,'Nasirchester','3414 Ortiz Forges Suite 294\nLake Louieshire, NE 08092-3097'),(101,'North Jazmyneburgh','0307 Ebert Parkways Apt. 676\nLake Edwardton, IL 61969'),(110,'Sidneychester','98872 Trent Trail\nNorth Karenberg, MT 73359'),(117,'West Alberta','85805 Cullen Creek Apt. 296\nKlingstad, CO 70500'),(120,'Toyborough','421 Will Trafficway Suite 177\nBaileyside, NV 97574-5343'),(121,'New Osbaldoport','01790 Dejah Spurs Suite 209\nEast Dillon, SD 03652'),(126,'West Gilesburgh','238 Henderson Meadows\nPort Octavia, UT 05036-4279'),(130,'Erichbury','62581 Kautzer Prairie Apt. 696\nReaganshire, CA 60435-9580'),(135,'Doramouth','054 Lang Spring Suite 561\nYadirabury, DC 32218'),(141,'Ankundingstad','274 VonRueden Wall Apt. 785\nWest Wilfredomouth, MN 53789-2592'),(142,'O\'Konport','66055 Herzog Courts\nRippinbury, NC 84200'),(161,'Hanebury','66986 Koch Street Apt. 777\nKelleyborough, DC 78604-9934'),(170,'Ginaside','588 Kuphal Burgs\nRennerbury, SD 08282'),(172,'Katarinatown','1454 Schiller Prairie\nEast Osborne, TN 09843'),(177,'South Darion','7391 Marvin Valley Apt. 163\nEast Monteborough, TX 64520-8330'),(178,'Port Enochton','218 Madyson Union\nBrooklynview, NM 49277'),(179,'East Othashire','8783 Juanita Stravenue Apt. 444\nHellermouth, MA 28382-5069'),(180,'Lake Elenor','8067 Ima Islands Apt. 121\nJohnsfurt, IL 41037-7301'),(184,'Port Horace','2242 Darian Crest Suite 582\nLoyton, TX 40257-9924'),(197,'West Kari','04434 Eichmann Passage\nEmmanuelhaven, AR 65412'),(200,'East Lenniemouth','9217 Reece Ports Suite 745\nHershelchester, AK 23480-1208');
/*!40000 ALTER TABLE `branch` ENABLE KEYS */;
UNLOCK TABLES;

--
-- Table structure for table `branch_book`
--

DROP TABLE IF EXISTS `branch_book`;
/*!40101 SET @saved_cs_client     = @@character_set_client */;
/*!40101 SET character_set_client = utf8 */;
CREATE TABLE `branch_book` (
  `libId` int(11) NOT NULL,
  `bookId` int(11) NOT NULL,
  `copyId` int(11) NOT NULL,
  `status` int(11) NOT NULL DEFAULT '111',
  PRIMARY KEY (`libId`,`bookId`,`copyId`),
  KEY `fk_branch_book_1_idx` (`bookId`),
  CONSTRAINT `fk_branch_book_1` FOREIGN KEY (`bookId`) REFERENCES `book` (`bookId`) ON DELETE CASCADE ON UPDATE CASCADE,
  CONSTRAINT `fk_branch_book_2` FOREIGN KEY (`libId`) REFERENCES `branch` (`libId`) ON DELETE CASCADE ON UPDATE CASCADE
) ENGINE=InnoDB DEFAULT CHARSET=latin1;
/*!40101 SET character_set_client = @saved_cs_client */;

--
-- Dumping data for table `branch_book`
--

LOCK TABLES `branch_book` WRITE;
/*!40000 ALTER TABLE `branch_book` DISABLE KEYS */;
INSERT INTO `branch_book` VALUES (5,1,1,111),(5,6,1,111),(5,13,1,111),(5,20,1,111),(5,20,2,111),(5,22,1,111),(5,22,2,111),(5,24,1,111),(5,25,1,111),(5,28,1,111),(5,30,1,111),(5,30,2,111),(5,41,1,111),(5,42,1,111),(5,47,1,111),(5,48,1,111),(5,48,2,111),(5,51,1,111),(5,54,1,111),(5,60,1,111),(5,60,2,111),(5,62,1,111),(5,64,1,111),(5,70,1,111),(5,71,1,111),(5,71,2,111),(5,73,1,111),(5,80,1,111),(5,83,1,111),(5,86,1,111),(5,86,2,111),(5,87,1,111),(5,87,2,111),(5,89,1,111),(5,90,1,111),(5,96,1,111),(5,97,1,111),(5,98,1,111),(5,101,1,111),(5,101,2,111),(5,106,1,111),(5,108,1,111),(5,113,1,111),(5,113,2,111),(5,120,1,111),(5,124,1,111),(5,124,2,111),(5,125,1,111),(5,132,1,111),(5,136,1,111),(5,139,1,111),(5,141,1,111),(5,144,1,111),(5,145,1,111),(5,152,1,111),(5,154,1,111),(5,156,1,111),(5,161,1,111),(5,167,1,111),(5,168,1,111),(5,168,2,111),(5,170,1,111),(5,171,1,111),(5,177,1,111),(5,178,1,111),(5,179,1,111),(5,185,1,111),(5,187,1,111),(5,187,2,111),(5,189,1,111),(5,192,1,111),(5,193,1,111),(5,202,1,111),(5,202,2,111),(5,204,1,111),(5,208,1,111),(5,212,1,111),(5,213,1,111),(5,215,1,111),(5,221,1,111),(5,225,1,111),(5,227,1,111),(5,228,1,111),(5,230,1,111),(5,233,1,111),(5,239,1,111),(5,242,1,111),(5,243,1,111),(5,248,1,111),(5,248,2,111),(5,250,1,111),(5,250,2,111),(5,254,1,111),(5,256,1,111),(5,257,1,111),(5,258,1,111),(5,261,1,111),(5,264,1,111),(5,264,2,111),(5,266,1,111),(5,268,1,111),(5,268,2,111),(5,272,1,111),(5,273,1,111),(5,274,1,111),(5,274,2,111),(5,279,1,111),(5,279,2,111),(5,280,1,111),(5,284,1,111),(5,290,1,111),(5,291,1,111),(5,292,1,111),(5,294,1,111),(5,295,1,111),(5,297,1,111),(5,299,1,111),(5,300,1,111),(5,305,1,111),(5,306,1,111),(5,309,1,111),(5,316,1,111),(5,326,1,111),(5,329,1,111),(5,331,1,111),(5,331,2,111),(5,334,1,111),(5,336,1,111),(5,336,2,111),(5,338,1,111),(5,341,1,111),(5,342,1,111),(5,343,1,111),(5,344,1,111),(5,344,2,111),(5,346,1,111),(5,351,1,111),(5,356,1,111),(5,356,2,111),(5,357,1,111),(5,358,1,111),(5,363,1,111),(5,373,1,111),(5,374,1,111),(5,377,1,111),(5,379,1,111),(5,380,1,111),(17,1,1,111),(17,3,1,111),(17,3,2,111),(17,8,1,111),(17,9,1,111),(17,9,2,111),(17,9,3,111),(17,11,1,111),(17,19,1,111),(17,19,2,111),(17,19,3,111),(17,19,4,111),(17,19,5,111),(17,19,6,111),(17,20,1,111),(17,24,1,111),(17,26,1,111),(17,32,1,111),(17,33,1,111),(17,39,1,111),(17,41,1,111),(17,44,1,111),(17,44,2,111),(17,45,1,111),(17,49,1,111),(17,50,1,111),(17,51,1,111),(17,54,1,111),(17,62,1,111),(17,63,1,111),(17,67,1,111),(17,68,1,111),(17,69,1,111),(17,70,1,111),(17,72,1,111),(17,76,1,111),(17,77,1,111),(17,78,1,111),(17,78,2,111),(17,79,1,111),(17,80,1,111),(17,88,1,111),(17,96,1,111),(17,97,1,111),(17,98,1,111),(17,99,1,111),(17,103,1,111),(17,103,2,111),(17,103,3,111),(17,103,4,111),(17,103,5,111),(17,106,1,111),(17,106,2,111),(17,107,1,111),(17,109,1,111),(17,109,2,111),(17,112,1,111),(17,112,2,111),(17,112,3,111),(17,113,1,111),(17,113,2,111),(17,116,1,111),(17,119,1,111),(17,123,1,111),(17,130,1,111),(17,135,1,111),(17,137,1,111),(17,137,2,111),(17,140,1,111),(17,140,2,111),(17,140,3,111),(17,141,1,111),(17,142,1,111),(17,145,1,111),(17,148,1,111),(17,148,2,111),(17,149,1,111),(17,150,1,111),(17,154,1,111),(17,155,1,111),(17,157,1,111),(17,161,1,111),(17,166,1,111),(17,169,1,111),(17,177,1,111),(17,177,2,111),(17,180,1,111),(17,194,1,111),(17,195,1,111),(17,196,1,111),(17,197,1,111),(17,198,1,111),(17,200,1,111),(17,200,2,111),(17,201,1,111),(17,201,2,111),(17,202,1,111),(17,211,1,111),(17,212,1,111),(17,214,1,111),(17,214,2,111),(17,218,1,111),(17,220,1,111),(17,222,1,111),(17,223,1,111),(17,225,1,111),(17,232,1,111),(17,234,1,111),(17,234,2,111),(17,234,3,111),(17,235,1,111),(17,238,1,111),(17,245,1,111),(17,245,2,111),(17,248,1,111),(17,250,1,111),(17,250,2,111),(17,257,1,111),(17,260,1,111),(17,260,2,111),(17,263,1,111),(17,265,1,111),(17,266,1,111),(17,266,2,111),(17,267,1,111),(17,269,1,111),(17,273,1,111),(17,274,1,111),(17,275,1,111),(17,278,1,111),(17,278,2,111),(17,281,1,111),(17,283,1,111),(17,284,1,111),(17,284,2,111),(17,287,1,111),(17,289,1,111),(17,289,2,111),(17,290,1,111),(17,294,1,111),(17,295,1,111),(17,298,1,111),(17,308,1,111),(17,309,1,111),(17,311,1,111),(17,315,1,111),(17,318,1,111),(17,319,1,111),(17,332,1,111),(17,336,1,111),(17,337,1,111),(17,341,1,111),(17,342,1,111),(17,345,1,111),(17,347,1,111),(17,347,2,111),(17,350,1,111),(17,351,1,111),(17,351,2,111),(17,354,1,111),(17,355,1,111),(17,355,2,111),(17,357,1,111),(17,358,1,111),(17,358,2,111),(17,360,1,111),(17,361,1,111),(17,367,1,111),(17,368,1,111),(17,370,1,111),(17,371,1,111),(17,373,1,111),(17,373,2,111),(17,374,1,111),(17,377,1,111),(17,382,1,111),(18,1,1,111),(18,1,2,111),(18,2,1,111),(18,4,1,111),(18,4,2,111),(18,6,1,111),(18,7,1,222),(18,8,1,111),(18,10,1,111),(18,11,1,111),(18,15,1,111),(18,19,1,111),(18,20,1,111),(18,20,2,111),(18,24,1,111),(18,24,2,111),(18,25,1,111),(18,25,2,111),(18,28,1,111),(18,30,1,111),(18,30,2,111),(18,31,1,111),(18,32,1,111),(18,37,1,111),(18,42,1,111),(18,42,2,111),(18,49,1,111),(18,54,1,111),(18,54,2,111),(18,56,1,111),(18,57,1,111),(18,58,1,111),(18,58,2,111),(18,68,1,111),(18,71,1,111),(18,71,2,111),(18,72,1,111),(18,73,1,111),(18,81,1,111),(18,81,2,111),(18,81,3,111),(18,87,1,111),(18,87,2,111),(18,89,1,111),(18,89,2,111),(18,91,1,111),(18,94,1,111),(18,96,1,111),(18,100,1,111),(18,100,2,111),(18,102,1,111),(18,103,1,111),(18,104,1,111),(18,104,2,111),(18,106,1,111),(18,112,1,111),(18,117,1,111),(18,118,1,111),(18,121,1,111),(18,123,1,111),(18,127,1,111),(18,129,1,111),(18,132,1,111),(18,133,1,111),(18,135,1,111),(18,135,2,111),(18,136,1,111),(18,139,1,111),(18,140,1,111),(18,146,1,111),(18,147,1,111),(18,147,2,111),(18,148,1,111),(18,150,1,111),(18,153,1,111),(18,153,2,111),(18,154,1,111),(18,154,2,111),(18,158,1,111),(18,164,1,111),(18,168,1,111),(18,170,1,111),(18,180,1,111),(18,183,1,111),(18,185,1,111),(18,186,1,111),(18,187,1,111),(18,187,2,111),(18,190,1,111),(18,194,1,111),(18,195,1,111),(18,200,1,111),(18,204,1,111),(18,208,1,111),(18,210,1,111),(18,216,1,111),(18,216,2,111),(18,216,3,111),(18,217,1,111),(18,219,1,111),(18,221,1,111),(18,228,1,111),(18,235,1,111),(18,242,1,111),(18,243,1,111),(18,244,1,111),(18,245,1,111),(18,245,2,111),(18,247,1,111),(18,248,1,111),(18,248,2,111),(18,252,1,111),(18,255,1,111),(18,257,1,111),(18,261,1,111),(18,269,1,111),(18,271,1,111),(18,271,2,111),(18,271,3,111),(18,278,1,111),(18,282,1,111),(18,285,1,111),(18,297,1,111),(18,299,1,111),(18,307,1,111),(18,310,1,111),(18,313,1,111),(18,313,2,111),(18,317,1,111),(18,319,1,111),(18,325,1,111),(18,327,1,111),(18,330,1,111),(18,333,1,111),(18,334,1,111),(18,336,1,111),(18,337,1,111),(18,337,2,111),(18,338,1,111),(18,342,1,111),(18,344,1,111),(18,347,1,111),(18,352,1,111),(18,353,1,111),(18,353,2,111),(18,358,1,111),(18,360,1,111),(18,363,1,111),(18,365,1,111),(18,366,1,111),(18,369,1,111),(18,370,1,111),(18,373,1,111),(18,373,2,111),(18,373,3,111),(18,375,1,111),(18,382,1,111),(22,8,1,111),(22,11,1,111),(22,15,1,111),(22,20,1,111),(22,21,1,111),(22,24,1,111),(22,26,1,111),(22,30,1,111),(22,34,1,111),(22,35,1,111),(22,41,1,111),(22,45,1,111),(22,45,2,111),(22,47,1,111),(22,47,2,111),(22,48,1,111),(22,49,1,111),(22,56,1,111),(22,60,1,111),(22,66,1,111),(22,67,1,111),(22,67,2,111),(22,69,1,111),(22,73,1,111),(22,73,2,111),(22,83,1,111),(22,91,1,111),(22,92,1,111),(22,94,1,111),(22,95,1,111),(22,99,1,111),(22,101,1,111),(22,102,1,111),(22,107,1,111),(22,109,1,111),(22,112,1,111),(22,117,1,111),(22,119,1,111),(22,120,1,111),(22,120,2,111),(22,120,3,111),(22,122,1,111),(22,123,1,111),(22,124,1,111),(22,131,1,111),(22,132,1,111),(22,132,2,111),(22,133,1,111),(22,135,1,111),(22,136,1,111),(22,140,1,111),(22,142,1,111),(22,147,1,111),(22,153,1,111),(22,160,1,111),(22,165,1,111),(22,166,1,111),(22,167,1,111),(22,171,1,111),(22,171,2,111),(22,172,1,111),(22,181,1,111),(22,189,1,111),(22,190,1,111),(22,191,1,111),(22,193,1,111),(22,198,1,111),(22,199,1,111),(22,200,1,111),(22,200,2,111),(22,204,1,111),(22,211,1,111),(22,213,1,111),(22,217,1,111),(22,219,1,111),(22,221,1,111),(22,221,2,111),(22,225,1,111),(22,231,1,111),(22,236,1,111),(22,236,2,111),(22,240,1,111),(22,243,1,111),(22,246,1,111),(22,247,1,111),(22,248,1,111),(22,248,2,111),(22,251,1,111),(22,251,2,111),(22,252,1,111),(22,252,2,111),(22,253,1,111),(22,253,2,111),(22,256,1,111),(22,259,1,111),(22,261,1,111),(22,265,1,111),(22,268,1,111),(22,274,1,111),(22,274,2,111),(22,276,1,111),(22,279,1,111),(22,283,1,111),(22,285,1,111),(22,287,1,111),(22,290,1,111),(22,292,1,111),(22,292,2,111),(22,297,1,111),(22,306,1,111),(22,306,2,111),(22,307,1,111),(22,308,1,111),(22,310,1,111),(22,310,2,111),(22,313,1,111),(22,314,1,111),(22,315,1,111),(22,315,2,111),(22,316,1,111),(22,317,1,111),(22,320,1,111),(22,321,1,111),(22,323,1,111),(22,324,1,111),(22,328,1,111),(22,329,1,111),(22,345,1,111),(22,349,1,111),(22,350,1,111),(22,352,1,111),(22,358,1,111),(22,360,1,111),(22,360,2,111),(22,363,1,111),(22,364,1,111),(22,364,2,111),(22,365,1,111),(22,367,1,111),(22,370,1,111),(22,372,1,111),(22,372,2,111),(22,375,1,111),(22,375,2,111),(22,376,1,111),(22,378,1,111),(22,382,1,111),(24,2,1,111),(24,2,2,111),(24,8,1,111),(24,8,2,111),(24,11,1,111),(24,11,2,111),(24,13,1,111),(24,17,1,111),(24,18,1,111),(24,35,1,111),(24,38,1,111),(24,41,1,111),(24,46,1,111),(24,46,2,111),(24,47,1,111),(24,57,1,111),(24,58,1,111),(24,60,1,111),(24,66,1,111),(24,66,2,111),(24,69,1,111),(24,72,1,111),(24,78,1,111),(24,80,1,111),(24,80,2,111),(24,80,3,111),(24,81,1,111),(24,82,1,111),(24,85,1,111),(24,90,1,111),(24,99,1,111),(24,102,1,111),(24,103,1,111),(24,105,1,111),(24,108,1,111),(24,109,1,111),(24,109,2,111),(24,112,1,111),(24,113,1,111),(24,113,2,111),(24,117,1,111),(24,120,1,111),(24,134,1,111),(24,135,1,111),(24,137,1,111),(24,147,1,111),(24,154,1,111),(24,154,2,111),(24,156,1,111),(24,156,2,111),(24,160,1,111),(24,160,2,111),(24,163,1,111),(24,164,1,111),(24,165,1,111),(24,166,1,111),(24,166,2,111),(24,167,1,111),(24,169,1,111),(24,170,1,111),(24,176,1,111),(24,180,1,111),(24,184,1,111),(24,187,1,111),(24,191,1,111),(24,192,1,111),(24,197,1,111),(24,202,1,111),(24,203,1,111),(24,207,1,111),(24,213,1,111),(24,218,1,111),(24,220,1,111),(24,221,1,111),(24,227,1,111),(24,228,1,111),(24,232,1,111),(24,235,1,111),(24,235,2,111),(24,239,1,111),(24,242,1,111),(24,252,1,111),(24,256,1,111),(24,264,1,111),(24,264,2,111),(24,267,1,111),(24,268,1,111),(24,272,1,111),(24,273,1,111),(24,278,1,111),(24,278,2,111),(24,280,1,111),(24,281,1,111),(24,281,2,111),(24,285,1,111),(24,285,2,111),(24,286,1,111),(24,301,1,111),(24,301,2,111),(24,302,1,111),(24,305,1,111),(24,307,1,111),(24,309,1,111),(24,316,1,111),(24,318,1,111),(24,321,1,111),(24,323,1,111),(24,324,1,111),(24,324,2,111),(24,331,1,111),(24,331,2,111),(24,332,1,111),(24,339,1,111),(24,340,1,111),(24,345,1,111),(24,345,2,111),(24,346,1,111),(24,349,1,111),(24,349,2,111),(24,352,1,111),(24,354,1,111),(24,354,2,111),(24,356,1,111),(24,360,1,111),(24,362,1,111),(24,363,1,111),(24,366,1,111),(24,368,1,111),(24,371,1,111),(24,372,1,111),(24,372,2,111),(24,372,3,111),(24,379,1,111),(26,2,1,111),(26,5,1,111),(26,9,1,111),(26,11,1,111),(26,17,1,111),(26,19,1,111),(26,19,2,111),(26,23,1,111),(26,29,1,111),(26,33,1,111),(26,36,1,111),(26,37,1,111),(26,38,1,111),(26,39,1,111),(26,48,1,111),(26,51,1,111),(26,58,1,111),(26,59,1,111),(26,70,1,111),(26,70,2,111),(26,71,1,111),(26,72,1,111),(26,73,1,111),(26,75,1,111),(26,81,1,111),(26,84,1,111),(26,92,1,111),(26,92,2,111),(26,94,1,111),(26,94,2,111),(26,94,3,111),(26,95,1,111),(26,101,1,111),(26,103,1,111),(26,107,1,111),(26,108,1,111),(26,112,1,111),(26,113,1,111),(26,114,1,111),(26,114,2,111),(26,116,1,111),(26,117,1,111),(26,121,1,111),(26,122,1,111),(26,124,1,111),(26,126,1,111),(26,133,1,111),(26,141,1,111),(26,145,1,111),(26,146,1,111),(26,147,1,111),(26,151,1,111),(26,152,1,111),(26,156,1,111),(26,159,1,111),(26,162,1,111),(26,164,1,111),(26,169,1,111),(26,173,1,111),(26,174,1,111),(26,176,1,111),(26,176,2,111),(26,177,1,111),(26,178,1,111),(26,179,1,111),(26,181,1,111),(26,184,1,111),(26,186,1,111),(26,187,1,111),(26,188,1,111),(26,188,2,111),(26,192,1,111),(26,194,1,111),(26,198,1,111),(26,199,1,111),(26,201,1,111),(26,201,2,111),(26,201,3,111),(26,202,1,111),(26,205,1,111),(26,211,1,111),(26,221,1,111),(26,222,1,111),(26,222,2,111),(26,225,1,111),(26,226,1,111),(26,228,1,111),(26,230,1,111),(26,233,1,111),(26,234,1,111),(26,236,1,111),(26,238,1,111),(26,240,1,111),(26,242,1,111),(26,248,1,111),(26,249,1,111),(26,252,1,111),(26,256,1,111),(26,261,1,111),(26,262,1,111),(26,263,1,111),(26,264,1,111),(26,269,1,111),(26,270,1,111),(26,271,1,111),(26,277,1,111),(26,278,1,111),(26,280,1,111),(26,280,2,111),(26,283,1,111),(26,284,1,111),(26,287,1,111),(26,289,1,111),(26,289,2,111),(26,289,3,111),(26,292,1,111),(26,294,1,111),(26,298,1,111),(26,298,2,111),(26,300,1,111),(26,306,1,111),(26,306,2,111),(26,307,1,111),(26,308,1,111),(26,308,2,111),(26,310,1,111),(26,311,1,111),(26,317,1,111),(26,317,2,111),(26,321,1,111),(26,322,1,111),(26,323,1,111),(26,326,1,111),(26,327,1,111),(26,328,1,111),(26,329,1,111),(26,334,1,111),(26,336,1,111),(26,337,1,111),(26,337,2,111),(26,349,1,111),(26,349,2,111),(26,353,1,111),(26,358,1,111),(26,365,1,111),(26,371,1,111),(26,371,2,111),(26,371,3,111),(26,377,1,111),(26,379,1,111),(28,2,1,111),(28,7,1,111),(28,9,1,111),(28,14,1,111),(28,15,1,111),(28,17,1,111),(28,19,1,111),(28,21,1,111),(28,21,2,111),(28,24,1,111),(28,24,2,111),(28,26,1,111),(28,37,1,111),(28,37,2,111),(28,37,3,111),(28,42,1,111),(28,43,1,111),(28,44,1,111),(28,44,2,111),(28,47,1,111),(28,55,1,111),(28,62,1,111),(28,65,1,111),(28,66,1,111),(28,69,1,111),(28,71,1,111),(28,74,1,111),(28,76,1,111),(28,76,2,111),(28,78,1,111),(28,81,1,111),(28,86,1,111),(28,87,1,111),(28,98,1,111),(28,98,2,111),(28,99,1,111),(28,101,1,111),(28,101,2,111),(28,103,1,111),(28,104,1,111),(28,105,1,111),(28,108,1,111),(28,115,1,111),(28,124,1,111),(28,125,1,111),(28,126,1,111),(28,132,1,111),(28,132,2,111),(28,137,1,111),(28,142,1,111),(28,149,1,111),(28,150,1,111),(28,150,2,111),(28,151,1,111),(28,152,1,111),(28,153,1,111),(28,158,1,111),(28,160,1,111),(28,163,1,111),(28,168,1,111),(28,170,1,111),(28,172,1,111),(28,176,1,111),(28,177,1,111),(28,179,1,111),(28,179,2,111),(28,184,1,111),(28,185,1,111),(28,185,2,111),(28,189,1,111),(28,199,1,111),(28,206,1,111),(28,206,2,111),(28,208,1,111),(28,210,1,111),(28,211,1,111),(28,211,2,111),(28,212,1,111),(28,222,1,111),(28,224,1,111),(28,225,1,111),(28,226,1,111),(28,226,2,111),(28,227,1,111),(28,227,2,111),(28,227,3,111),(28,229,1,111),(28,229,2,111),(28,230,1,111),(28,233,1,111),(28,236,1,111),(28,240,1,111),(28,242,1,111),(28,243,1,111),(28,246,1,111),(28,253,1,111),(28,253,2,111),(28,266,1,111),(28,266,2,111),(28,268,1,111),(28,269,1,111),(28,271,1,111),(28,272,1,111),(28,279,1,111),(28,281,1,111),(28,282,1,111),(28,282,2,111),(28,283,1,111),(28,287,1,111),(28,292,1,111),(28,293,1,111),(28,293,2,111),(28,293,3,111),(28,294,1,111),(28,295,1,111),(28,309,1,111),(28,310,1,111),(28,311,1,111),(28,314,1,111),(28,315,1,111),(28,318,1,111),(28,319,1,111),(28,326,1,111),(28,331,1,111),(28,335,1,111),(28,335,2,111),(28,336,1,111),(28,339,1,111),(28,340,1,111),(28,341,1,111),(28,349,1,111),(28,350,1,111),(28,350,2,111),(28,359,1,111),(28,360,1,111),(28,369,1,111),(28,371,1,111),(28,376,1,111),(28,378,1,111),(28,381,1,111),(30,4,1,111),(30,7,1,111),(30,8,1,111),(30,10,1,111),(30,13,1,111),(30,15,1,111),(30,17,1,111),(30,18,1,111),(30,18,2,111),(30,23,1,111),(30,29,1,111),(30,31,1,111),(30,35,1,111),(30,51,1,111),(30,52,1,111),(30,54,1,111),(30,56,1,111),(30,57,1,111),(30,57,2,111),(30,62,1,111),(30,63,1,111),(30,64,1,111),(30,66,1,111),(30,69,1,111),(30,72,1,111),(30,77,1,111),(30,79,1,111),(30,96,1,111),(30,99,1,111),(30,99,2,111),(30,108,1,111),(30,111,1,111),(30,113,1,111),(30,115,1,111),(30,116,1,111),(30,118,1,111),(30,120,1,111),(30,122,1,111),(30,124,1,111),(30,124,2,111),(30,124,3,111),(30,129,1,111),(30,132,1,111),(30,141,1,111),(30,144,1,111),(30,151,1,111),(30,152,1,111),(30,155,1,111),(30,156,1,111),(30,157,1,111),(30,162,1,111),(30,164,1,111),(30,164,2,111),(30,169,1,111),(30,170,1,111),(30,172,1,111),(30,172,2,111),(30,174,1,111),(30,175,1,111),(30,175,2,111),(30,176,1,111),(30,177,1,111),(30,180,1,111),(30,188,1,111),(30,191,1,111),(30,192,1,111),(30,202,1,111),(30,203,1,111),(30,207,1,111),(30,209,1,111),(30,212,1,111),(30,215,1,111),(30,217,1,111),(30,217,2,111),(30,218,1,111),(30,220,1,111),(30,224,1,111),(30,224,2,111),(30,231,1,111),(30,231,2,111),(30,234,1,111),(30,235,1,111),(30,239,1,111),(30,239,2,111),(30,240,1,111),(30,245,1,111),(30,248,1,111),(30,248,2,111),(30,249,1,111),(30,254,1,111),(30,255,1,111),(30,255,2,111),(30,256,1,111),(30,257,1,111),(30,259,1,111),(30,259,2,111),(30,260,1,111),(30,261,1,111),(30,270,1,111),(30,271,1,111),(30,272,1,111),(30,278,1,111),(30,280,1,111),(30,282,1,111),(30,284,1,111),(30,284,2,111),(30,295,1,111),(30,296,1,111),(30,297,1,111),(30,302,1,111),(30,305,1,111),(30,307,1,111),(30,307,2,111),(30,308,1,111),(30,313,1,111),(30,315,1,111),(30,316,1,111),(30,316,2,111),(30,323,1,111),(30,328,1,111),(30,330,1,111),(30,330,2,111),(30,332,1,111),(30,333,1,111),(30,335,1,111),(30,336,1,111),(30,338,1,111),(30,339,1,111),(30,340,1,111),(30,341,1,111),(30,343,1,111),(30,348,1,111),(30,355,1,111),(30,356,1,111),(30,357,1,111),(30,360,1,111),(30,360,2,111),(30,363,1,111),(30,364,1,111),(30,368,1,111),(30,371,1,111),(30,376,1,111),(30,379,1,111),(30,381,1,111),(31,1,1,111),(31,3,1,111),(31,4,1,111),(31,7,1,111),(31,7,2,111),(31,8,1,111),(31,9,1,111),(31,9,2,111),(31,10,1,111),(31,13,1,111),(31,15,1,111),(31,17,1,111),(31,23,1,111),(31,28,1,111),(31,28,2,111),(31,30,1,111),(31,30,2,111),(31,30,3,111),(31,31,1,111),(31,35,1,111),(31,37,1,111),(31,41,1,111),(31,41,2,111),(31,42,1,111),(31,46,1,111),(31,47,1,111),(31,51,1,111),(31,52,1,111),(31,52,2,111),(31,55,1,111),(31,56,1,111),(31,57,1,111),(31,57,2,111),(31,57,3,111),(31,59,1,111),(31,60,1,111),(31,63,1,111),(31,63,2,111),(31,64,1,111),(31,65,1,111),(31,69,1,111),(31,69,2,111),(31,69,3,111),(31,69,4,111),(31,75,1,111),(31,76,1,111),(31,82,1,111),(31,82,2,111),(31,83,1,111),(31,91,1,111),(31,91,2,111),(31,94,1,111),(31,96,1,111),(31,98,1,111),(31,99,1,111),(31,99,2,111),(31,102,1,111),(31,104,1,111),(31,110,1,111),(31,114,1,111),(31,115,1,111),(31,116,1,111),(31,116,2,111),(31,118,1,111),(31,124,1,111),(31,128,1,111),(31,132,1,111),(31,134,1,111),(31,134,2,111),(31,135,1,111),(31,142,1,111),(31,143,1,111),(31,145,1,111),(31,147,1,111),(31,155,1,111),(31,157,1,111),(31,157,2,111),(31,158,1,111),(31,160,1,111),(31,165,1,111),(31,165,2,111),(31,167,1,111),(31,169,1,111),(31,172,1,111),(31,180,1,111),(31,184,1,111),(31,187,1,111),(31,190,1,111),(31,191,1,111),(31,194,1,111),(31,203,1,111),(31,204,1,111),(31,204,2,111),(31,207,1,111),(31,207,2,111),(31,212,1,111),(31,214,1,111),(31,222,1,111),(31,228,1,111),(31,230,1,111),(31,232,1,111),(31,233,1,111),(31,238,1,111),(31,239,1,111),(31,242,1,111),(31,243,1,111),(31,246,1,111),(31,247,1,111),(31,248,1,111),(31,252,1,111),(31,253,1,111),(31,254,1,111),(31,255,1,111),(31,256,1,111),(31,259,1,111),(31,260,1,111),(31,261,1,111),(31,261,2,111),(31,262,1,111),(31,265,1,111),(31,266,1,111),(31,267,1,111),(31,268,1,111),(31,272,1,111),(31,273,1,111),(31,276,1,111),(31,283,1,111),(31,285,1,111),(31,286,1,111),(31,288,1,111),(31,292,1,111),(31,293,1,111),(31,298,1,111),(31,300,1,111),(31,305,1,111),(31,308,1,111),(31,308,2,111),(31,311,1,111),(31,314,1,111),(31,314,2,111),(31,317,1,111),(31,317,2,111),(31,318,1,111),(31,319,1,111),(31,319,2,111),(31,320,1,111),(31,320,2,111),(31,320,3,111),(31,322,1,111),(31,326,1,111),(31,331,1,111),(31,332,1,111),(31,334,1,111),(31,336,1,111),(31,337,1,111),(31,341,1,111),(31,344,1,111),(31,344,2,111),(31,347,1,111),(31,348,1,111),(31,349,1,111),(31,357,1,111),(31,358,1,111),(31,359,1,111),(31,366,1,111),(31,368,1,111),(31,369,1,111),(31,371,1,111),(31,371,2,111),(31,372,1,111),(31,374,1,111),(31,376,1,111),(31,378,1,111),(31,381,1,111),(35,1,1,111),(35,2,1,111),(35,3,1,111),(35,4,1,111),(35,6,1,111),(35,12,1,111),(35,13,1,111),(35,20,1,111),(35,22,1,111),(35,22,2,111),(35,24,1,111),(35,39,1,111),(35,41,1,111),(35,45,1,111),(35,48,1,111),(35,56,1,111),(35,58,1,111),(35,61,1,111),(35,62,1,111),(35,62,2,111),(35,63,1,111),(35,66,1,111),(35,68,1,111),(35,71,1,111),(35,73,1,111),(35,80,1,111),(35,81,1,111),(35,82,1,111),(35,83,1,111),(35,83,2,111),(35,87,1,111),(35,88,1,111),(35,98,1,111),(35,99,1,111),(35,100,1,111),(35,100,2,111),(35,102,1,111),(35,102,2,111),(35,104,1,111),(35,109,1,111),(35,110,1,111),(35,110,2,111),(35,111,1,111),(35,119,1,111),(35,120,1,111),(35,121,1,111),(35,122,1,111),(35,123,1,111),(35,126,1,111),(35,127,1,111),(35,129,1,111),(35,136,1,111),(35,139,1,111),(35,143,1,111),(35,145,1,111),(35,146,1,111),(35,147,1,111),(35,147,2,111),(35,148,1,111),(35,150,1,111),(35,152,1,111),(35,152,2,111),(35,153,1,111),(35,153,2,111),(35,157,1,111),(35,159,1,111),(35,161,1,111),(35,162,1,111),(35,165,1,111),(35,166,1,111),(35,177,1,111),(35,180,1,111),(35,181,1,111),(35,181,2,111),(35,181,3,111),(35,182,1,111),(35,185,1,111),(35,188,1,111),(35,188,2,111),(35,189,1,111),(35,191,1,111),(35,193,1,111),(35,196,1,111),(35,198,1,111),(35,200,1,111),(35,205,1,111),(35,207,1,111),(35,209,1,111),(35,211,1,111),(35,214,1,111),(35,220,1,111),(35,224,1,111),(35,226,1,111),(35,227,1,111),(35,241,1,111),(35,243,1,111),(35,248,1,111),(35,250,1,111),(35,252,1,111),(35,254,1,111),(35,258,1,111),(35,269,1,111),(35,271,1,111),(35,274,1,111),(35,275,1,111),(35,279,1,111),(35,279,2,111),(35,279,3,111),(35,280,1,111),(35,284,1,111),(35,285,1,111),(35,292,1,111),(35,295,1,111),(35,297,1,111),(35,298,1,111),(35,300,1,111),(35,303,1,111),(35,306,1,111),(35,307,1,111),(35,307,2,111),(35,308,1,111),(35,309,1,111),(35,316,1,111),(35,328,1,111),(35,334,1,111),(35,334,2,111),(35,335,1,111),(35,340,1,111),(35,341,1,111),(35,341,2,111),(35,342,1,111),(35,343,1,111),(35,344,1,111),(35,348,1,111),(35,354,1,111),(35,356,1,111),(35,360,1,111),(35,360,2,111),(35,361,1,111),(35,364,1,111),(35,371,1,111),(35,372,1,111),(35,372,2,111),(35,382,1,111),(36,2,1,111),(36,3,1,111),(36,4,1,111),(36,6,1,111),(36,8,1,111),(36,8,2,111),(36,9,1,111),(36,10,1,111),(36,17,1,111),(36,19,1,111),(36,21,1,111),(36,22,1,111),(36,23,1,111),(36,25,1,111),(36,26,1,111),(36,29,1,111),(36,29,2,111),(36,31,1,111),(36,31,2,111),(36,34,1,111),(36,35,1,111),(36,35,2,111),(36,36,1,111),(36,37,1,111),(36,40,1,111),(36,41,1,111),(36,41,2,111),(36,44,1,111),(36,45,1,111),(36,47,1,111),(36,48,1,111),(36,48,2,111),(36,50,1,111),(36,52,1,111),(36,53,1,111),(36,54,1,111),(36,55,1,111),(36,57,1,111),(36,66,1,111),(36,67,1,111),(36,67,2,111),(36,71,1,111),(36,75,1,111),(36,76,1,111),(36,81,1,111),(36,82,1,111),(36,83,1,111),(36,85,1,111),(36,87,1,111),(36,89,1,111),(36,89,2,111),(36,91,1,111),(36,91,2,111),(36,97,1,111),(36,97,2,111),(36,98,1,111),(36,101,1,111),(36,106,1,111),(36,113,1,111),(36,114,1,111),(36,116,1,111),(36,116,2,111),(36,119,1,111),(36,119,2,111),(36,122,1,111),(36,125,1,111),(36,126,1,111),(36,130,1,111),(36,130,2,111),(36,132,1,111),(36,133,1,111),(36,137,1,111),(36,138,1,111),(36,139,1,111),(36,141,1,111),(36,141,2,111),(36,143,1,111),(36,143,2,111),(36,147,1,111),(36,152,1,111),(36,154,1,111),(36,155,1,111),(36,156,1,111),(36,159,1,111),(36,159,2,111),(36,162,1,111),(36,162,2,111),(36,168,1,111),(36,171,1,111),(36,171,2,111),(36,172,1,111),(36,173,1,111),(36,176,1,111),(36,176,2,111),(36,176,3,111),(36,178,1,111),(36,180,1,111),(36,189,1,111),(36,193,1,111),(36,198,1,111),(36,201,1,111),(36,205,1,111),(36,210,1,111),(36,211,1,111),(36,214,1,111),(36,216,1,111),(36,220,1,111),(36,226,1,111),(36,227,1,111),(36,227,2,111),(36,232,1,111),(36,232,2,111),(36,232,3,111),(36,233,1,111),(36,235,1,111),(36,236,1,111),(36,240,1,111),(36,241,1,111),(36,247,1,111),(36,249,1,111),(36,249,2,111),(36,250,1,111),(36,254,1,111),(36,255,1,111),(36,258,1,111),(36,259,1,111),(36,263,1,111),(36,266,1,111),(36,267,1,111),(36,267,2,111),(36,269,1,111),(36,270,1,111),(36,272,1,111),(36,272,2,111),(36,277,1,111),(36,278,1,111),(36,283,1,111),(36,283,2,111),(36,285,1,111),(36,285,2,111),(36,286,1,111),(36,288,1,111),(36,292,1,111),(36,293,1,111),(36,296,1,111),(36,299,1,111),(36,300,1,111),(36,301,1,111),(36,312,1,111),(36,313,1,111),(36,313,2,111),(36,313,3,111),(36,315,1,111),(36,317,1,111),(36,318,1,111),(36,321,1,111),(36,322,1,111),(36,322,2,111),(36,328,1,111),(36,329,1,111),(36,333,1,111),(36,337,1,111),(36,338,1,111),(36,340,1,111),(36,345,1,111),(36,349,1,111),(36,351,1,111),(36,351,2,111),(36,352,1,111),(36,356,1,111),(36,367,1,111),(36,376,1,111),(36,379,1,111),(36,380,1,111),(36,381,1,111),(36,382,1,111),(38,1,1,111),(38,1,2,111),(38,5,1,111),(38,6,1,111),(38,11,1,111),(38,12,1,111),(38,12,2,111),(38,13,1,111),(38,14,1,111),(38,14,2,111),(38,18,1,111),(38,23,1,111),(38,26,1,111),(38,27,1,111),(38,29,1,111),(38,29,2,111),(38,30,1,111),(38,31,1,111),(38,32,1,111),(38,33,1,111),(38,34,1,111),(38,34,2,111),(38,35,1,111),(38,37,1,111),(38,38,1,111),(38,41,1,111),(38,42,1,111),(38,46,1,111),(38,47,1,111),(38,48,1,111),(38,52,1,111),(38,53,1,111),(38,57,1,111),(38,59,1,111),(38,61,1,111),(38,63,1,111),(38,76,1,111),(38,80,1,111),(38,81,1,111),(38,81,2,111),(38,82,1,111),(38,83,1,111),(38,83,2,111),(38,84,1,111),(38,86,1,111),(38,90,1,111),(38,91,1,111),(38,92,1,111),(38,94,1,111),(38,95,1,111),(38,95,2,111),(38,98,1,111),(38,107,1,111),(38,108,1,111),(38,109,1,111),(38,111,1,111),(38,113,1,111),(38,116,1,111),(38,118,1,111),(38,120,1,111),(38,121,1,111),(38,123,1,111),(38,124,1,111),(38,126,1,111),(38,127,1,111),(38,140,1,111),(38,142,1,111),(38,146,1,111),(38,148,1,111),(38,153,1,111),(38,158,1,111),(38,159,1,111),(38,163,1,111),(38,164,1,111),(38,166,1,111),(38,171,1,111),(38,172,1,111),(38,176,1,111),(38,177,1,111),(38,177,2,111),(38,180,1,111),(38,181,1,111),(38,181,2,111),(38,182,1,111),(38,183,1,111),(38,186,1,111),(38,187,1,111),(38,188,1,111),(38,194,1,111),(38,202,1,111),(38,203,1,111),(38,204,1,111),(38,206,1,111),(38,208,1,111),(38,210,1,111),(38,210,2,111),(38,210,3,111),(38,212,1,111),(38,214,1,111),(38,214,2,111),(38,216,1,111),(38,219,1,111),(38,222,1,111),(38,224,1,111),(38,228,1,111),(38,230,1,111),(38,231,1,111),(38,234,1,111),(38,239,1,111),(38,243,1,111),(38,245,1,111),(38,248,1,111),(38,249,1,111),(38,252,1,111),(38,252,2,111),(38,252,3,111),(38,261,1,111),(38,265,1,111),(38,269,1,111),(38,270,1,111),(38,272,1,111),(38,274,1,111),(38,275,1,111),(38,277,1,111),(38,277,2,111),(38,282,1,111),(38,286,1,111),(38,289,1,111),(38,292,1,111),(38,292,2,111),(38,297,1,111),(38,297,2,111),(38,298,1,111),(38,306,1,111),(38,307,1,111),(38,311,1,111),(38,311,2,111),(38,314,1,111),(38,316,1,111),(38,317,1,111),(38,318,1,111),(38,318,2,111),(38,326,1,111),(38,327,1,111),(38,329,1,111),(38,334,1,111),(38,343,1,111),(38,344,1,111),(38,349,1,111),(38,352,1,111),(38,352,2,111),(38,354,1,111),(38,354,2,111),(38,355,1,111),(38,356,1,111),(38,359,1,111),(38,359,2,111),(38,360,1,111),(38,362,1,111),(38,362,2,111),(38,366,1,111),(38,366,2,111),(38,370,1,111),(38,370,2,111),(38,370,3,111),(38,371,1,111),(38,374,1,111),(38,374,2,111),(38,377,1,111),(38,379,1,111),(38,380,1,111),(38,381,1,111),(42,1,1,111),(42,8,1,111),(42,11,1,111),(42,12,1,111),(42,13,1,111),(42,14,1,111),(42,15,1,111),(42,18,1,111),(42,19,1,111),(42,21,1,111),(42,23,1,111),(42,23,2,111),(42,28,1,111),(42,29,1,111),(42,30,1,111),(42,30,2,111),(42,32,1,111),(42,40,1,111),(42,42,1,111),(42,44,1,111),(42,44,2,111),(42,45,1,111),(42,49,1,111),(42,49,2,111),(42,50,1,111),(42,53,1,111),(42,56,1,111),(42,58,1,111),(42,60,1,111),(42,61,1,111),(42,64,1,111),(42,66,1,111),(42,68,1,111),(42,68,2,111),(42,69,1,111),(42,77,1,111),(42,78,1,111),(42,79,1,111),(42,85,1,111),(42,88,1,111),(42,98,1,111),(42,100,1,111),(42,103,1,111),(42,105,1,111),(42,106,1,111),(42,109,1,111),(42,109,2,111),(42,110,1,111),(42,111,1,111),(42,111,2,111),(42,114,1,111),(42,116,1,111),(42,123,1,111),(42,124,1,111),(42,129,1,111),(42,130,1,111),(42,131,1,111),(42,132,1,111),(42,133,1,111),(42,135,1,111),(42,136,1,111),(42,137,1,111),(42,139,1,111),(42,139,2,111),(42,144,1,111),(42,144,2,111),(42,146,1,111),(42,150,1,111),(42,151,1,111),(42,151,2,111),(42,151,3,111),(42,152,1,111),(42,153,1,111),(42,153,2,111),(42,154,1,111),(42,154,2,111),(42,157,1,111),(42,158,1,111),(42,159,1,111),(42,162,1,111),(42,162,2,111),(42,164,1,111),(42,167,1,111),(42,170,1,111),(42,171,1,111),(42,173,1,111),(42,176,1,111),(42,177,1,111),(42,179,1,111),(42,182,1,111),(42,183,1,111),(42,184,1,111),(42,187,1,111),(42,189,1,111),(42,189,2,111),(42,190,1,111),(42,192,1,111),(42,193,1,111),(42,196,1,111),(42,201,1,111),(42,213,1,111),(42,213,2,111),(42,220,1,111),(42,237,1,111),(42,239,1,111),(42,242,1,111),(42,245,1,111),(42,246,1,111),(42,247,1,111),(42,249,1,111),(42,252,1,111),(42,255,1,111),(42,258,1,111),(42,265,1,111),(42,265,2,111),(42,271,1,111),(42,271,2,111),(42,271,3,111),(42,272,1,111),(42,275,1,111),(42,276,1,111),(42,276,2,111),(42,277,1,111),(42,284,1,111),(42,287,1,111),(42,291,1,111),(42,298,1,111),(42,299,1,111),(42,299,2,111),(42,300,1,111),(42,301,1,111),(42,302,1,111),(42,303,1,111),(42,303,2,111),(42,308,1,111),(42,310,1,111),(42,313,1,111),(42,313,2,111),(42,316,1,111),(42,317,1,111),(42,324,1,111),(42,325,1,111),(42,330,1,111),(42,339,1,111),(42,341,1,111),(42,343,1,111),(42,343,2,111),(42,346,1,111),(42,347,1,111),(42,348,1,111),(42,348,2,111),(42,350,1,111),(42,354,1,111),(42,356,1,111),(42,358,1,111),(42,363,1,111),(42,363,2,111),(42,363,3,111),(42,367,1,111),(42,380,1,111),(42,381,1,111),(42,382,1,111),(50,2,1,111),(50,6,1,111),(50,16,1,111),(50,22,1,111),(50,26,1,111),(50,26,2,111),(50,27,1,111),(50,29,1,111),(50,30,1,111),(50,31,1,111),(50,32,1,111),(50,33,1,111),(50,33,2,111),(50,34,1,111),(50,34,2,111),(50,38,1,111),(50,38,2,111),(50,42,1,111),(50,44,1,111),(50,46,1,111),(50,48,1,111),(50,50,1,111),(50,51,1,111),(50,53,1,111),(50,58,1,111),(50,61,1,111),(50,65,1,111),(50,66,1,111),(50,67,1,111),(50,73,1,111),(50,73,2,111),(50,78,1,111),(50,78,2,111),(50,82,1,111),(50,83,1,111),(50,90,1,111),(50,95,1,111),(50,98,1,111),(50,101,1,111),(50,110,1,111),(50,115,1,111),(50,116,1,111),(50,118,1,111),(50,119,1,111),(50,121,1,111),(50,127,1,111),(50,127,2,111),(50,128,1,111),(50,128,2,111),(50,131,1,111),(50,131,2,111),(50,132,1,111),(50,133,1,111),(50,137,1,111),(50,137,2,111),(50,145,1,111),(50,152,1,111),(50,155,1,111),(50,160,1,111),(50,163,1,111),(50,165,1,111),(50,165,2,111),(50,167,1,111),(50,169,1,111),(50,172,1,111),(50,174,1,111),(50,178,1,111),(50,181,1,111),(50,185,1,111),(50,188,1,111),(50,188,2,111),(50,190,1,111),(50,190,2,111),(50,190,3,111),(50,191,1,111),(50,194,1,111),(50,194,2,111),(50,195,1,111),(50,195,2,111),(50,197,1,111),(50,198,1,111),(50,199,1,111),(50,200,1,111),(50,204,1,111),(50,205,1,111),(50,206,1,111),(50,209,1,111),(50,209,2,111),(50,210,1,111),(50,210,2,111),(50,211,1,111),(50,211,2,111),(50,212,1,111),(50,212,2,111),(50,213,1,111),(50,215,1,111),(50,216,1,111),(50,219,1,111),(50,222,1,111),(50,222,2,111),(50,224,1,111),(50,224,2,111),(50,228,1,111),(50,231,1,111),(50,233,1,111),(50,233,2,111),(50,234,1,111),(50,235,1,111),(50,236,1,111),(50,238,1,111),(50,239,1,111),(50,242,1,111),(50,243,1,111),(50,247,1,111),(50,250,1,111),(50,252,1,111),(50,252,2,111),(50,253,1,111),(50,253,2,111),(50,254,1,111),(50,256,1,111),(50,258,1,111),(50,273,1,111),(50,274,1,111),(50,276,1,111),(50,276,2,111),(50,277,1,111),(50,282,1,111),(50,287,1,111),(50,297,1,111),(50,305,1,111),(50,307,1,111),(50,309,1,111),(50,309,2,111),(50,312,1,111),(50,317,1,111),(50,318,1,111),(50,320,1,111),(50,322,1,111),(50,324,1,111),(50,324,2,111),(50,325,1,111),(50,326,1,111),(50,330,1,111),(50,330,2,111),(50,335,1,111),(50,338,1,111),(50,339,1,111),(50,344,1,111),(50,345,1,111),(50,348,1,111),(50,356,1,111),(50,356,2,111),(50,370,1,111),(50,376,1,111),(50,379,1,111),(50,380,1,111),(50,380,2,111),(50,382,1,111),(52,1,1,111),(52,3,1,111),(52,6,1,111),(52,10,1,111),(52,13,1,111),(52,14,1,111),(52,14,2,111),(52,16,1,111),(52,17,1,111),(52,26,1,111),(52,29,1,111),(52,32,1,111),(52,34,1,111),(52,36,1,111),(52,39,1,111),(52,41,1,111),(52,44,1,111),(52,46,1,111),(52,46,2,111),(52,47,1,111),(52,50,1,111),(52,54,1,111),(52,56,1,111),(52,66,1,111),(52,69,1,111),(52,69,2,111),(52,73,1,111),(52,74,1,111),(52,76,1,111),(52,76,2,111),(52,79,1,111),(52,82,1,111),(52,85,1,111),(52,86,1,111),(52,96,1,111),(52,98,1,111),(52,98,2,111),(52,104,1,111),(52,111,1,111),(52,113,1,111),(52,113,2,111),(52,116,1,111),(52,121,1,111),(52,122,1,111),(52,127,1,111),(52,127,2,111),(52,128,1,111),(52,130,1,111),(52,131,1,111),(52,132,1,111),(52,132,2,111),(52,133,1,111),(52,135,1,111),(52,135,2,111),(52,140,1,111),(52,140,2,111),(52,142,1,111),(52,144,1,111),(52,148,1,111),(52,149,1,111),(52,149,2,111),(52,153,1,111),(52,153,2,111),(52,169,1,111),(52,169,2,111),(52,169,3,111),(52,171,1,111),(52,173,1,111),(52,173,2,111),(52,175,1,111),(52,180,1,111),(52,182,1,111),(52,185,1,111),(52,187,1,111),(52,188,1,111),(52,190,1,111),(52,191,1,111),(52,194,1,111),(52,196,1,111),(52,197,1,111),(52,198,1,111),(52,199,1,111),(52,199,2,111),(52,200,1,111),(52,201,1,111),(52,207,1,111),(52,208,1,111),(52,208,2,111),(52,214,1,111),(52,215,1,111),(52,220,1,111),(52,221,1,111),(52,221,2,111),(52,223,1,111),(52,224,1,111),(52,225,1,111),(52,226,1,111),(52,227,1,111),(52,231,1,111),(52,239,1,111),(52,242,1,111),(52,244,1,111),(52,245,1,111),(52,246,1,111),(52,252,1,111),(52,256,1,111),(52,256,2,111),(52,258,1,111),(52,258,2,111),(52,264,1,111),(52,265,1,111),(52,268,1,111),(52,268,2,111),(52,272,1,111),(52,273,1,111),(52,275,1,111),(52,279,1,111),(52,279,2,111),(52,283,1,111),(52,285,1,111),(52,286,1,111),(52,290,1,111),(52,291,1,111),(52,293,1,111),(52,294,1,111),(52,296,1,111),(52,296,2,111),(52,297,1,111),(52,304,1,111),(52,307,1,111),(52,309,1,111),(52,310,1,111),(52,312,1,111),(52,319,1,111),(52,323,1,111),(52,326,1,111),(52,327,1,111),(52,333,1,111),(52,334,1,111),(52,340,1,111),(52,343,1,111),(52,347,1,111),(52,348,1,111),(52,349,1,111),(52,350,1,111),(52,355,1,111),(52,361,1,111),(52,361,2,111),(52,365,1,111),(52,366,1,111),(52,368,1,111),(52,368,2,111),(52,369,1,111),(52,370,1,111),(52,371,1,111),(52,374,1,111),(52,375,1,111),(52,376,1,111),(52,377,1,111),(52,378,1,111),(52,380,1,111),(52,382,1,111),(54,2,1,111),(54,2,2,111),(54,2,3,111),(54,6,1,111),(54,7,1,111),(54,8,1,111),(54,9,1,111),(54,9,2,111),(54,9,3,111),(54,11,1,111),(54,14,1,111),(54,14,2,111),(54,14,3,111),(54,21,1,111),(54,22,1,111),(54,23,1,111),(54,26,1,111),(54,28,1,111),(54,29,1,111),(54,30,1,111),(54,31,1,111),(54,34,1,111),(54,38,1,111),(54,42,1,111),(54,48,1,111),(54,50,1,111),(54,52,1,111),(54,54,1,111),(54,57,1,111),(54,58,1,111),(54,60,1,111),(54,62,1,111),(54,62,2,111),(54,66,1,111),(54,67,1,222),(54,73,1,111),(54,75,1,111),(54,78,1,111),(54,82,1,111),(54,84,1,111),(54,91,1,111),(54,91,2,111),(54,99,1,111),(54,104,1,111),(54,107,1,111),(54,108,1,111),(54,111,1,111),(54,113,1,111),(54,115,1,111),(54,117,1,111),(54,122,1,111),(54,123,1,111),(54,123,2,111),(54,123,3,111),(54,128,1,111),(54,132,1,111),(54,134,1,111),(54,134,2,111),(54,136,1,111),(54,136,2,111),(54,139,1,111),(54,140,1,111),(54,141,1,111),(54,146,1,111),(54,149,1,111),(54,149,2,111),(54,153,1,111),(54,155,1,111),(54,155,2,111),(54,166,1,111),(54,168,1,111),(54,169,1,111),(54,170,1,111),(54,173,1,111),(54,176,1,111),(54,176,2,111),(54,178,1,111),(54,182,1,111),(54,186,1,111),(54,187,1,111),(54,188,1,111),(54,192,1,111),(54,192,2,111),(54,192,3,111),(54,194,1,111),(54,197,1,111),(54,202,1,111),(54,208,1,111),(54,208,2,111),(54,209,1,111),(54,210,1,111),(54,215,1,111),(54,216,1,111),(54,218,1,111),(54,218,2,111),(54,219,1,111),(54,219,2,111),(54,220,1,111),(54,221,1,111),(54,222,1,111),(54,222,2,111),(54,224,1,111),(54,231,1,111),(54,231,2,111),(54,234,1,111),(54,236,1,111),(54,238,1,111),(54,241,1,111),(54,241,2,111),(54,242,1,111),(54,253,1,111),(54,253,2,111),(54,257,1,111),(54,261,1,111),(54,261,2,111),(54,263,1,111),(54,263,2,111),(54,263,3,111),(54,267,1,111),(54,270,1,111),(54,274,1,111),(54,278,1,111),(54,278,2,111),(54,279,1,111),(54,280,1,111),(54,283,1,111),(54,283,2,111),(54,284,1,111),(54,285,1,111),(54,297,1,111),(54,298,1,111),(54,299,1,111),(54,300,1,111),(54,300,2,111),(54,302,1,111),(54,305,1,111),(54,306,1,111),(54,307,1,111),(54,312,1,111),(54,312,2,111),(54,313,1,111),(54,315,1,111),(54,318,1,111),(54,318,2,111),(54,319,1,111),(54,321,1,111),(54,324,1,111),(54,327,1,111),(54,328,1,111),(54,330,1,111),(54,331,1,111),(54,334,1,111),(54,335,1,111),(54,349,1,111),(54,351,1,111),(54,351,2,111),(54,355,1,111),(54,361,1,111),(54,362,1,111),(54,370,1,111),(54,371,1,111),(54,375,1,111),(54,378,1,111),(54,379,1,111),(54,379,2,111),(54,380,1,111),(54,382,1,111),(56,1,1,111),(56,4,1,111),(56,5,1,111),(56,5,2,111),(56,12,1,111),(56,15,1,111),(56,16,1,111),(56,16,2,111),(56,17,1,111),(56,19,1,111),(56,22,1,111),(56,22,2,111),(56,27,1,111),(56,28,1,111),(56,29,1,111),(56,31,1,111),(56,32,1,111),(56,35,1,111),(56,42,1,111),(56,42,2,111),(56,45,1,111),(56,45,2,111),(56,47,1,111),(56,54,1,111),(56,55,1,111),(56,61,1,111),(56,64,1,111),(56,66,1,111),(56,69,1,111),(56,71,1,111),(56,73,1,111),(56,75,1,111),(56,75,2,111),(56,76,1,111),(56,76,2,111),(56,79,1,111),(56,79,2,111),(56,80,1,111),(56,81,1,111),(56,83,1,111),(56,85,1,111),(56,85,2,111),(56,85,3,111),(56,85,4,111),(56,87,1,111),(56,90,1,111),(56,92,1,111),(56,96,1,111),(56,106,1,111),(56,108,1,111),(56,111,1,111),(56,111,2,111),(56,111,3,111),(56,114,1,111),(56,115,1,111),(56,117,1,111),(56,123,1,111),(56,124,1,111),(56,126,1,111),(56,130,1,111),(56,135,1,111),(56,135,2,111),(56,139,1,111),(56,141,1,111),(56,142,1,111),(56,142,2,111),(56,143,1,111),(56,145,1,111),(56,147,1,111),(56,149,1,111),(56,151,1,111),(56,152,1,111),(56,159,1,111),(56,162,1,111),(56,170,1,111),(56,170,2,111),(56,173,1,111),(56,175,1,111),(56,176,1,111),(56,176,2,111),(56,177,1,111),(56,180,1,111),(56,180,2,111),(56,192,1,111),(56,194,1,111),(56,202,1,111),(56,202,2,111),(56,207,1,111),(56,210,1,111),(56,217,1,111),(56,219,1,111),(56,221,1,111),(56,223,1,111),(56,224,1,111),(56,225,1,111),(56,226,1,111),(56,228,1,111),(56,232,1,111),(56,234,1,111),(56,235,1,111),(56,237,1,111),(56,239,1,111),(56,245,1,111),(56,246,1,111),(56,247,1,111),(56,248,1,111),(56,250,1,111),(56,252,1,111),(56,252,2,111),(56,255,1,111),(56,257,1,111),(56,259,1,111),(56,262,1,111),(56,263,1,111),(56,264,1,111),(56,265,1,111),(56,268,1,111),(56,269,1,111),(56,270,1,111),(56,271,1,111),(56,273,1,111),(56,280,1,111),(56,281,1,111),(56,283,1,111),(56,283,2,111),(56,286,1,111),(56,286,2,111),(56,286,3,111),(56,293,1,111),(56,294,1,111),(56,295,1,111),(56,297,1,111),(56,298,1,111),(56,300,1,111),(56,301,1,111),(56,302,1,111),(56,305,1,111),(56,309,1,111),(56,313,1,111),(56,317,1,111),(56,318,1,111),(56,319,1,111),(56,320,1,111),(56,322,1,111),(56,324,1,111),(56,328,1,111),(56,331,1,111),(56,332,1,111),(56,333,1,111),(56,333,2,111),(56,338,1,111),(56,340,1,111),(56,342,1,111),(56,344,1,111),(56,347,1,111),(56,350,1,111),(56,353,1,111),(56,356,1,111),(56,360,1,111),(56,361,1,111),(56,362,1,111),(56,363,1,111),(56,372,1,111),(56,373,1,111),(56,374,1,111),(56,376,1,111),(56,378,1,111),(56,381,1,111),(56,382,1,111),(56,382,2,111),(69,1,1,111),(69,5,1,111),(69,6,1,111),(69,7,1,111),(69,11,1,111),(69,17,1,111),(69,18,1,111),(69,19,1,111),(69,19,2,111),(69,19,3,111),(69,20,1,111),(69,24,1,111),(69,26,1,111),(69,27,1,111),(69,29,1,111),(69,30,1,111),(69,32,1,111),(69,32,2,111),(69,42,1,111),(69,48,1,111),(69,51,1,111),(69,52,1,111),(69,52,2,111),(69,54,1,111),(69,56,1,111),(69,59,1,111),(69,61,1,111),(69,64,1,111),(69,65,1,111),(69,66,1,111),(69,68,1,111),(69,70,1,111),(69,73,1,111),(69,73,2,111),(69,73,3,111),(69,73,4,111),(69,78,1,111),(69,81,1,111),(69,89,1,111),(69,91,1,111),(69,92,1,111),(69,98,1,111),(69,102,1,111),(69,105,1,111),(69,106,1,111),(69,107,1,111),(69,109,1,111),(69,120,1,111),(69,120,2,111),(69,121,1,111),(69,123,1,111),(69,125,1,111),(69,128,1,111),(69,130,1,111),(69,133,1,111),(69,134,1,111),(69,135,1,111),(69,137,1,111),(69,138,1,111),(69,141,1,111),(69,142,1,111),(69,143,1,111),(69,145,1,111),(69,151,1,111),(69,154,1,111),(69,155,1,111),(69,157,1,111),(69,159,1,111),(69,159,2,111),(69,161,1,111),(69,162,1,111),(69,167,1,111),(69,174,1,111),(69,177,1,111),(69,183,1,111),(69,192,1,111),(69,194,1,111),(69,194,2,111),(69,194,3,111),(69,207,1,111),(69,208,1,111),(69,210,1,111),(69,221,1,111),(69,223,1,111),(69,224,1,111),(69,224,2,111),(69,227,1,111),(69,235,1,111),(69,235,2,111),(69,238,1,111),(69,240,1,111),(69,249,1,111),(69,250,1,111),(69,255,1,111),(69,255,2,111),(69,256,1,111),(69,258,1,111),(69,258,2,111),(69,264,1,111),(69,265,1,111),(69,266,1,111),(69,268,1,111),(69,269,1,111),(69,270,1,111),(69,273,1,111),(69,276,1,111),(69,276,2,111),(69,277,1,111),(69,279,1,111),(69,280,1,111),(69,281,1,111),(69,283,1,111),(69,286,1,111),(69,286,2,111),(69,288,1,111),(69,288,2,111),(69,291,1,111),(69,294,1,111),(69,294,2,111),(69,296,1,111),(69,298,1,111),(69,301,1,111),(69,302,1,111),(69,307,1,111),(69,309,1,111),(69,311,1,111),(69,311,2,111),(69,311,3,111),(69,331,1,111),(69,331,2,111),(69,334,1,111),(69,334,2,111),(69,336,1,111),(69,336,2,111),(69,341,1,111),(69,342,1,111),(69,343,1,111),(69,348,1,111),(69,350,1,111),(69,354,1,111),(69,363,1,111),(69,365,1,111),(69,371,1,111),(69,373,1,111),(69,378,1,111),(69,378,2,111),(69,380,1,111),(72,1,1,111),(72,4,1,111),(72,6,1,111),(72,6,2,111),(72,6,3,111),(72,7,1,111),(72,13,1,111),(72,17,1,111),(72,21,1,111),(72,23,1,111),(72,24,1,111),(72,25,1,111),(72,27,1,111),(72,28,1,111),(72,31,1,111),(72,36,1,111),(72,42,1,111),(72,44,1,111),(72,44,2,111),(72,46,1,111),(72,46,2,111),(72,53,1,111),(72,54,1,111),(72,56,1,111),(72,59,1,111),(72,62,1,111),(72,73,1,111),(72,73,2,111),(72,73,3,111),(72,74,1,111),(72,77,1,111),(72,77,2,111),(72,80,1,111),(72,83,1,111),(72,83,2,111),(72,84,1,111),(72,84,2,111),(72,85,1,111),(72,89,1,111),(72,100,1,111),(72,101,1,111),(72,102,1,111),(72,107,1,111),(72,109,1,111),(72,109,2,111),(72,109,3,111),(72,113,1,111),(72,120,1,111),(72,121,1,111),(72,122,1,111),(72,122,2,111),(72,122,3,111),(72,123,1,111),(72,124,1,111),(72,127,1,111),(72,133,1,111),(72,141,1,111),(72,143,1,111),(72,147,1,111),(72,154,1,111),(72,156,1,111),(72,158,1,111),(72,162,1,111),(72,168,1,111),(72,175,1,111),(72,178,1,111),(72,182,1,111),(72,185,1,111),(72,187,1,111),(72,189,1,111),(72,191,1,111),(72,194,1,111),(72,195,1,111),(72,197,1,111),(72,199,1,111),(72,199,2,111),(72,201,1,111),(72,205,1,111),(72,210,1,111),(72,211,1,111),(72,221,1,111),(72,222,1,111),(72,226,1,111),(72,229,1,111),(72,231,1,111),(72,233,1,111),(72,233,2,111),(72,234,1,111),(72,235,1,111),(72,239,1,111),(72,241,1,111),(72,241,2,111),(72,242,1,111),(72,242,2,111),(72,246,1,111),(72,248,1,111),(72,255,1,111),(72,256,1,111),(72,257,1,111),(72,258,1,111),(72,261,1,111),(72,263,1,111),(72,265,1,111),(72,267,1,111),(72,278,1,111),(72,279,1,111),(72,281,1,111),(72,282,1,111),(72,288,1,111),(72,288,2,111),(72,299,1,111),(72,300,1,111),(72,302,1,111),(72,303,1,111),(72,306,1,111),(72,310,1,111),(72,310,2,111),(72,311,1,111),(72,312,1,111),(72,312,2,111),(72,313,1,111),(72,315,1,111),(72,317,1,111),(72,326,1,111),(72,328,1,111),(72,335,1,111),(72,337,1,111),(72,339,1,111),(72,344,1,111),(72,346,1,111),(72,348,1,111),(72,349,1,111),(72,352,1,111),(72,355,1,111),(72,361,1,111),(72,365,1,111),(72,368,1,111),(72,369,1,111),(72,372,1,111),(72,372,2,111),(72,372,3,111),(72,374,1,111),(72,374,2,111),(72,374,3,111),(72,378,1,111),(72,380,1,111),(73,2,1,111),(73,7,1,111),(73,10,1,111),(73,12,1,111),(73,14,1,111),(73,20,1,111),(73,25,1,111),(73,25,2,111),(73,27,1,111),(73,27,2,111),(73,27,3,111),(73,30,1,111),(73,31,1,111),(73,32,1,111),(73,34,1,111),(73,44,1,111),(73,47,1,111),(73,47,2,111),(73,48,1,111),(73,49,1,111),(73,51,1,111),(73,55,1,111),(73,55,2,111),(73,58,1,111),(73,58,2,111),(73,59,1,111),(73,61,1,111),(73,61,2,111),(73,65,1,111),(73,65,2,111),(73,65,3,111),(73,66,1,111),(73,68,1,111),(73,70,1,111),(73,81,1,111),(73,82,1,111),(73,85,1,111),(73,85,2,111),(73,87,1,111),(73,91,1,111),(73,92,1,111),(73,95,1,111),(73,95,2,111),(73,97,1,111),(73,98,1,111),(73,98,2,111),(73,98,3,111),(73,100,1,111),(73,101,1,111),(73,104,1,111),(73,104,2,111),(73,110,1,111),(73,110,2,111),(73,110,3,111),(73,113,1,111),(73,113,2,111),(73,118,1,111),(73,121,1,111),(73,124,1,111),(73,126,1,111),(73,127,1,111),(73,127,2,111),(73,129,1,111),(73,131,1,111),(73,131,2,111),(73,131,3,111),(73,131,4,111),(73,140,1,111),(73,145,1,111),(73,145,2,111),(73,145,3,111),(73,147,1,111),(73,148,1,111),(73,149,1,111),(73,154,1,111),(73,154,2,111),(73,155,1,111),(73,160,1,111),(73,163,1,111),(73,166,1,111),(73,168,1,111),(73,171,1,111),(73,175,1,111),(73,178,1,111),(73,178,2,111),(73,180,1,111),(73,186,1,111),(73,188,1,111),(73,190,1,111),(73,192,1,111),(73,197,1,111),(73,198,1,111),(73,198,2,111),(73,201,1,111),(73,202,1,111),(73,202,2,111),(73,202,3,111),(73,203,1,111),(73,206,1,111),(73,206,2,111),(73,207,1,111),(73,207,2,111),(73,209,1,111),(73,211,1,111),(73,213,1,111),(73,215,1,111),(73,217,1,111),(73,217,2,111),(73,219,1,111),(73,223,1,111),(73,225,1,111),(73,232,1,111),(73,233,1,111),(73,235,1,111),(73,240,1,111),(73,243,1,111),(73,244,1,111),(73,247,1,111),(73,248,1,111),(73,249,1,111),(73,249,2,111),(73,251,1,111),(73,253,1,111),(73,254,1,111),(73,257,1,111),(73,260,1,111),(73,266,1,111),(73,268,1,111),(73,272,1,111),(73,272,2,111),(73,272,3,111),(73,282,1,111),(73,290,1,111),(73,294,1,111),(73,295,1,111),(73,296,1,111),(73,299,1,111),(73,302,1,111),(73,303,1,111),(73,304,1,111),(73,304,2,111),(73,305,1,111),(73,306,1,111),(73,309,1,111),(73,315,1,111),(73,318,1,111),(73,318,2,111),(73,321,1,111),(73,322,1,111),(73,324,1,111),(73,326,1,111),(73,328,1,111),(73,331,1,111),(73,334,1,111),(73,335,1,111),(73,336,1,111),(73,337,1,111),(73,338,1,111),(73,338,2,111),(73,342,1,111),(73,345,1,111),(73,348,1,111),(73,348,2,111),(73,349,1,111),(73,355,1,111),(73,359,1,111),(73,373,1,111),(73,381,1,111),(73,382,1,111),(76,2,1,111),(76,4,1,111),(76,7,1,111),(76,8,1,111),(76,11,1,111),(76,12,1,111),(76,12,2,111),(76,16,1,111),(76,20,1,111),(76,22,1,111),(76,24,1,111),(76,27,1,111),(76,28,1,111),(76,30,1,111),(76,33,1,111),(76,35,1,111),(76,42,1,111),(76,43,1,111),(76,45,1,111),(76,53,1,111),(76,53,2,111),(76,56,1,111),(76,58,1,111),(76,62,1,111),(76,72,1,111),(76,79,1,111),(76,89,1,111),(76,90,1,111),(76,90,2,111),(76,90,3,111),(76,91,1,111),(76,93,1,111),(76,97,1,111),(76,102,1,111),(76,105,1,111),(76,105,2,111),(76,106,1,111),(76,106,2,111),(76,106,3,111),(76,107,1,111),(76,107,2,111),(76,110,1,111),(76,111,1,111),(76,117,1,111),(76,124,1,111),(76,126,1,111),(76,126,2,111),(76,129,1,111),(76,132,1,111),(76,133,1,111),(76,135,1,111),(76,137,1,111),(76,144,1,111),(76,144,2,111),(76,146,1,111),(76,148,1,111),(76,151,1,111),(76,152,1,111),(76,152,2,111),(76,158,1,111),(76,160,1,111),(76,163,1,111),(76,168,1,111),(76,170,1,111),(76,173,1,111),(76,174,1,111),(76,175,1,111),(76,176,1,111),(76,181,1,111),(76,184,1,111),(76,187,1,111),(76,187,2,111),(76,187,3,111),(76,195,1,111),(76,199,1,111),(76,199,2,111),(76,204,1,111),(76,205,1,111),(76,213,1,111),(76,213,2,111),(76,214,1,111),(76,219,1,111),(76,230,1,111),(76,234,1,111),(76,245,1,111),(76,247,1,111),(76,247,2,111),(76,253,1,111),(76,255,1,111),(76,263,1,111),(76,264,1,111),(76,268,1,111),(76,270,1,111),(76,276,1,111),(76,278,1,111),(76,279,1,111),(76,279,2,111),(76,280,1,111),(76,281,1,111),(76,281,2,111),(76,282,1,111),(76,282,2,111),(76,283,1,111),(76,285,1,111),(76,289,1,111),(76,290,1,111),(76,291,1,111),(76,291,2,111),(76,293,1,111),(76,293,2,111),(76,298,1,111),(76,298,2,111),(76,300,1,111),(76,301,1,111),(76,301,2,111),(76,303,1,111),(76,303,2,111),(76,303,3,111),(76,309,1,111),(76,312,1,111),(76,312,2,111),(76,314,1,111),(76,315,1,111),(76,315,2,111),(76,320,1,111),(76,322,1,111),(76,329,1,111),(76,336,1,111),(76,336,2,111),(76,339,1,111),(76,342,1,111),(76,342,2,111),(76,347,1,111),(76,349,1,111),(76,353,1,111),(76,356,1,111),(76,358,1,111),(76,358,2,111),(76,358,3,111),(76,360,1,111),(76,370,1,111),(76,373,1,111),(76,374,1,111),(76,375,1,111),(76,375,2,111),(76,376,1,111),(76,376,2,111),(76,379,1,111),(76,379,2,111),(76,380,1,111),(77,1,1,111),(77,6,1,111),(77,6,2,111),(77,9,1,111),(77,13,1,111),(77,14,1,111),(77,14,2,111),(77,17,1,111),(77,18,1,111),(77,29,1,111),(77,30,1,111),(77,31,1,111),(77,32,1,111),(77,33,1,111),(77,34,1,111),(77,37,1,111),(77,37,2,111),(77,41,1,111),(77,44,1,111),(77,44,2,111),(77,47,1,111),(77,48,1,111),(77,48,2,111),(77,50,1,111),(77,53,1,111),(77,55,1,111),(77,57,1,111),(77,60,1,111),(77,60,2,111),(77,61,1,111),(77,65,1,111),(77,65,2,111),(77,67,1,111),(77,70,1,111),(77,70,2,111),(77,71,1,111),(77,71,2,111),(77,73,1,111),(77,74,1,111),(77,77,1,111),(77,77,2,111),(77,78,1,111),(77,80,1,111),(77,81,1,111),(77,83,1,111),(77,86,1,111),(77,86,2,111),(77,87,1,111),(77,88,1,111),(77,90,1,111),(77,90,2,111),(77,93,1,111),(77,93,2,111),(77,94,1,111),(77,95,1,111),(77,95,2,111),(77,96,1,111),(77,103,1,111),(77,107,1,111),(77,110,1,111),(77,113,1,111),(77,113,2,111),(77,114,1,111),(77,116,1,111),(77,116,2,111),(77,119,1,111),(77,123,1,111),(77,125,1,111),(77,125,2,111),(77,126,1,111),(77,131,1,111),(77,137,1,111),(77,147,1,111),(77,149,1,111),(77,151,1,111),(77,153,1,111),(77,153,2,111),(77,154,1,111),(77,154,2,111),(77,156,1,111),(77,157,1,111),(77,158,1,111),(77,159,1,111),(77,160,1,111),(77,161,1,111),(77,161,2,111),(77,162,1,111),(77,163,1,111),(77,164,1,111),(77,167,1,111),(77,169,1,111),(77,172,1,111),(77,173,1,111),(77,175,1,111),(77,180,1,111),(77,182,1,111),(77,182,2,111),(77,186,1,111),(77,194,1,111),(77,198,1,111),(77,199,1,111),(77,204,1,111),(77,205,1,111),(77,208,1,111),(77,211,1,111),(77,212,1,111),(77,213,1,111),(77,215,1,111),(77,216,1,111),(77,220,1,111),(77,222,1,111),(77,227,1,111),(77,227,2,111),(77,229,1,111),(77,230,1,111),(77,231,1,111),(77,231,2,111),(77,232,1,111),(77,235,1,111),(77,237,1,111),(77,239,1,111),(77,248,1,111),(77,256,1,111),(77,257,1,111),(77,257,2,111),(77,264,1,111),(77,265,1,111),(77,266,1,111),(77,267,1,111),(77,269,1,111),(77,272,1,111),(77,272,2,111),(77,275,1,111),(77,282,1,111),(77,283,1,111),(77,286,1,111),(77,288,1,111),(77,288,2,111),(77,290,1,111),(77,293,1,111),(77,295,1,111),(77,300,1,111),(77,302,1,111),(77,307,1,111),(77,310,1,111),(77,311,1,111),(77,312,1,111),(77,314,1,111),(77,320,1,111),(77,328,1,111),(77,329,1,111),(77,331,1,111),(77,332,1,111),(77,336,1,111),(77,341,1,111),(77,348,1,111),(77,349,1,111),(77,356,1,111),(77,358,1,111),(77,359,1,111),(77,363,1,111),(77,367,1,111),(77,368,1,111),(77,368,2,111),(77,370,1,111),(77,373,1,111),(77,374,1,111),(77,375,1,111),(77,377,1,111),(77,380,1,111),(77,381,1,111),(77,381,2,111),(79,1,1,111),(79,4,1,111),(79,8,1,111),(79,9,1,111),(79,11,1,111),(79,16,1,111),(79,20,1,111),(79,23,1,111),(79,24,1,111),(79,30,1,111),(79,31,1,111),(79,34,1,111),(79,34,2,111),(79,41,1,111),(79,42,1,111),(79,43,1,111),(79,48,1,111),(79,48,2,111),(79,53,1,111),(79,55,1,111),(79,59,1,111),(79,60,1,111),(79,61,1,111),(79,63,1,111),(79,63,2,111),(79,64,1,111),(79,65,1,111),(79,65,2,111),(79,67,1,111),(79,70,1,111),(79,71,1,111),(79,72,1,111),(79,74,1,111),(79,77,1,111),(79,78,1,111),(79,78,2,111),(79,78,3,111),(79,82,1,111),(79,83,1,111),(79,87,1,111),(79,94,1,111),(79,95,1,111),(79,99,1,111),(79,101,1,111),(79,103,1,111),(79,104,1,111),(79,106,1,111),(79,108,1,111),(79,108,2,111),(79,108,3,111),(79,112,1,111),(79,112,2,111),(79,126,1,111),(79,127,1,111),(79,129,1,111),(79,130,1,111),(79,130,2,111),(79,132,1,111),(79,133,1,111),(79,138,1,111),(79,143,1,111),(79,143,2,111),(79,143,3,111),(79,144,1,111),(79,144,2,111),(79,145,1,111),(79,145,2,111),(79,147,1,111),(79,147,2,111),(79,148,1,111),(79,150,1,111),(79,157,1,111),(79,160,1,111),(79,160,2,111),(79,166,1,111),(79,166,2,111),(79,168,1,111),(79,175,1,111),(79,176,1,111),(79,179,1,111),(79,179,2,111),(79,181,1,111),(79,183,1,111),(79,185,1,111),(79,186,1,111),(79,190,1,111),(79,193,1,111),(79,196,1,111),(79,198,1,111),(79,201,1,111),(79,203,1,111),(79,205,1,111),(79,205,2,111),(79,206,1,111),(79,207,1,111),(79,208,1,111),(79,212,1,111),(79,213,1,111),(79,213,2,111),(79,220,1,111),(79,220,2,111),(79,224,1,111),(79,227,1,111),(79,228,1,111),(79,229,1,111),(79,229,2,111),(79,230,1,111),(79,233,1,111),(79,234,1,111),(79,237,1,111),(79,240,1,111),(79,240,2,111),(79,242,1,111),(79,246,1,111),(79,246,2,111),(79,248,1,111),(79,248,2,111),(79,249,1,111),(79,250,1,111),(79,252,1,111),(79,255,1,111),(79,261,1,111),(79,262,1,111),(79,265,1,111),(79,267,1,111),(79,268,1,111),(79,268,2,111),(79,270,1,111),(79,270,2,111),(79,273,1,111),(79,276,1,111),(79,276,2,111),(79,283,1,111),(79,287,1,111),(79,287,2,111),(79,288,1,111),(79,289,1,111),(79,290,1,111),(79,296,1,111),(79,297,1,111),(79,301,1,111),(79,306,1,111),(79,308,1,111),(79,309,1,111),(79,309,2,111),(79,316,1,111),(79,326,1,111),(79,327,1,111),(79,327,2,111),(79,328,1,111),(79,329,1,111),(79,332,1,111),(79,335,1,111),(79,345,1,111),(79,345,2,111),(79,346,1,111),(79,349,1,111),(79,358,1,111),(79,361,1,111),(79,365,1,111),(79,368,1,111),(79,371,1,111),(79,374,1,111),(79,377,1,111),(79,378,1,111),(79,379,1,111),(79,379,2,111),(79,380,1,111),(79,380,2,111),(79,381,1,111),(79,381,2,111),(80,9,1,111),(80,10,1,111),(80,12,1,111),(80,14,1,111),(80,14,2,111),(80,16,1,111),(80,17,1,111),(80,20,1,111),(80,22,1,111),(80,23,1,111),(80,24,1,111),(80,26,1,111),(80,28,1,111),(80,32,1,111),(80,34,1,111),(80,36,1,111),(80,36,2,111),(80,37,1,111),(80,38,1,111),(80,38,2,111),(80,41,1,111),(80,42,1,111),(80,47,1,111),(80,47,2,111),(80,49,1,111),(80,52,1,111),(80,56,1,111),(80,59,1,111),(80,61,1,111),(80,61,2,111),(80,62,1,111),(80,64,1,111),(80,65,1,111),(80,66,1,111),(80,73,1,111),(80,78,1,111),(80,79,1,111),(80,79,2,111),(80,81,1,111),(80,84,1,111),(80,86,1,111),(80,89,1,111),(80,90,1,111),(80,93,1,111),(80,93,2,111),(80,97,1,111),(80,101,1,111),(80,112,1,111),(80,112,2,111),(80,113,1,111),(80,116,1,111),(80,121,1,111),(80,125,1,111),(80,127,1,111),(80,133,1,111),(80,135,1,111),(80,135,2,111),(80,141,1,111),(80,142,1,111),(80,142,2,111),(80,145,1,111),(80,145,2,111),(80,146,1,111),(80,147,1,111),(80,147,2,111),(80,148,1,111),(80,151,1,111),(80,152,1,111),(80,154,1,111),(80,154,2,111),(80,155,1,111),(80,161,1,111),(80,163,1,111),(80,172,1,111),(80,176,1,111),(80,176,2,111),(80,178,1,111),(80,178,2,111),(80,178,3,111),(80,179,1,111),(80,180,1,111),(80,183,1,111),(80,185,1,111),(80,185,2,111),(80,191,1,111),(80,196,1,111),(80,196,2,111),(80,200,1,111),(80,202,1,111),(80,204,1,111),(80,206,1,111),(80,207,1,111),(80,216,1,111),(80,217,1,111),(80,217,2,111),(80,221,1,111),(80,224,1,111),(80,227,1,111),(80,227,2,111),(80,234,1,111),(80,236,1,111),(80,237,1,111),(80,238,1,111),(80,241,1,111),(80,242,1,111),(80,243,1,111),(80,244,1,111),(80,245,1,111),(80,247,1,111),(80,248,1,111),(80,258,1,111),(80,261,1,111),(80,266,1,111),(80,266,2,111),(80,266,3,111),(80,269,1,111),(80,272,1,111),(80,272,2,111),(80,275,1,111),(80,279,1,111),(80,281,1,111),(80,281,2,111),(80,283,1,111),(80,284,1,111),(80,289,1,111),(80,289,2,111),(80,290,1,111),(80,291,1,111),(80,293,1,111),(80,295,1,111),(80,303,1,111),(80,304,1,111),(80,307,1,111),(80,312,1,111),(80,313,1,111),(80,313,2,111),(80,316,1,111),(80,323,1,111),(80,326,1,111),(80,327,1,111),(80,330,1,111),(80,331,1,111),(80,332,1,111),(80,332,2,111),(80,334,1,111),(80,335,1,111),(80,339,1,111),(80,339,2,111),(80,340,1,111),(80,341,1,111),(80,341,2,111),(80,343,1,111),(80,344,1,111),(80,345,1,111),(80,346,1,111),(80,349,1,111),(80,349,2,111),(80,350,1,111),(80,352,1,111),(80,356,1,111),(80,358,1,111),(80,363,1,111),(80,365,1,111),(80,366,1,111),(80,366,2,111),(80,367,1,111),(80,367,2,111),(80,372,1,111),(80,376,1,111),(81,1,1,111),(81,2,1,111),(81,9,1,111),(81,10,1,111),(81,12,1,111),(81,13,1,111),(81,15,1,111),(81,16,1,111),(81,18,1,111),(81,22,1,111),(81,24,1,111),(81,29,1,111),(81,29,2,111),(81,30,1,111),(81,31,1,111),(81,34,1,111),(81,35,1,111),(81,36,1,111),(81,37,1,111),(81,37,2,111),(81,38,1,111),(81,41,1,111),(81,42,1,111),(81,51,1,111),(81,51,2,111),(81,52,1,111),(81,54,1,111),(81,58,1,111),(81,60,1,111),(81,66,1,111),(81,67,1,222),(81,73,1,111),(81,78,1,111),(81,80,1,111),(81,81,1,111),(81,83,1,111),(81,83,2,111),(81,84,1,111),(81,90,1,111),(81,95,1,111),(81,98,1,111),(81,100,1,111),(81,100,2,111),(81,100,3,111),(81,104,1,111),(81,109,1,111),(81,113,1,111),(81,122,1,111),(81,122,2,111),(81,122,3,111),(81,123,1,111),(81,123,2,111),(81,124,1,111),(81,124,2,111),(81,125,1,111),(81,127,1,111),(81,128,1,111),(81,128,2,111),(81,129,1,111),(81,135,1,111),(81,140,1,111),(81,140,2,111),(81,141,1,111),(81,141,2,111),(81,144,1,111),(81,144,2,111),(81,145,1,111),(81,146,1,111),(81,147,1,111),(81,149,1,111),(81,151,1,111),(81,161,1,111),(81,164,1,111),(81,164,2,111),(81,171,1,111),(81,173,1,111),(81,176,1,111),(81,177,1,111),(81,177,2,111),(81,187,1,111),(81,190,1,111),(81,190,2,111),(81,193,1,111),(81,198,1,111),(81,199,1,111),(81,206,1,111),(81,208,1,111),(81,212,1,111),(81,217,1,111),(81,220,1,111),(81,221,1,111),(81,224,1,111),(81,224,2,111),(81,227,1,111),(81,232,1,111),(81,236,1,111),(81,242,1,111),(81,245,1,111),(81,246,1,111),(81,246,2,111),(81,251,1,111),(81,254,1,111),(81,254,2,111),(81,255,1,111),(81,255,2,111),(81,259,1,111),(81,261,1,111),(81,261,2,111),(81,264,1,111),(81,265,1,111),(81,266,1,111),(81,266,2,111),(81,267,1,111),(81,268,1,111),(81,276,1,111),(81,281,1,111),(81,282,1,111),(81,284,1,111),(81,287,1,111),(81,292,1,111),(81,295,1,111),(81,296,1,111),(81,300,1,111),(81,301,1,111),(81,306,1,111),(81,307,1,111),(81,308,1,111),(81,308,2,111),(81,309,1,111),(81,310,1,111),(81,314,1,111),(81,316,1,111),(81,320,1,111),(81,321,1,111),(81,323,1,111),(81,324,1,111),(81,327,1,111),(81,331,1,111),(81,331,2,111),(81,339,1,111),(81,340,1,111),(81,345,1,111),(81,347,1,111),(81,347,2,111),(81,351,1,111),(81,353,1,111),(81,353,2,111),(81,354,1,111),(81,354,2,111),(81,359,1,111),(81,360,1,111),(81,363,1,111),(81,371,1,111),(81,373,1,111),(81,373,2,111),(81,377,1,111),(81,377,2,111),(81,377,3,111),(81,379,1,111),(81,382,1,111),(86,6,1,111),(86,6,2,111),(86,8,1,111),(86,9,1,111),(86,11,1,111),(86,13,1,111),(86,14,1,111),(86,16,1,111),(86,17,1,111),(86,20,1,111),(86,24,1,111),(86,25,1,111),(86,27,1,111),(86,37,1,111),(86,38,1,111),(86,39,1,111),(86,39,2,111),(86,44,1,111),(86,44,2,111),(86,46,1,111),(86,46,2,111),(86,47,1,111),(86,47,2,111),(86,49,1,111),(86,50,1,111),(86,52,1,111),(86,52,2,111),(86,53,1,111),(86,57,1,111),(86,60,1,111),(86,60,2,111),(86,62,1,111),(86,68,1,111),(86,70,1,111),(86,74,1,111),(86,78,1,111),(86,82,1,111),(86,88,1,111),(86,90,1,111),(86,90,2,111),(86,91,1,111),(86,97,1,111),(86,97,2,111),(86,100,1,111),(86,101,1,111),(86,104,1,111),(86,105,1,111),(86,106,1,111),(86,107,1,111),(86,113,1,111),(86,113,2,111),(86,121,1,111),(86,123,1,111),(86,125,1,111),(86,125,2,111),(86,131,1,111),(86,132,1,111),(86,132,2,111),(86,132,3,111),(86,142,1,111),(86,146,1,111),(86,148,1,111),(86,150,1,111),(86,151,1,111),(86,152,1,111),(86,161,1,111),(86,161,2,111),(86,164,1,111),(86,167,1,111),(86,167,2,111),(86,169,1,111),(86,170,1,111),(86,176,1,111),(86,177,1,111),(86,178,1,111),(86,178,2,111),(86,179,1,111),(86,182,1,111),(86,183,1,111),(86,185,1,111),(86,191,1,111),(86,193,1,111),(86,204,1,111),(86,210,1,111),(86,211,1,111),(86,213,1,111),(86,215,1,111),(86,217,1,111),(86,218,1,111),(86,222,1,111),(86,227,1,111),(86,229,1,111),(86,230,1,111),(86,230,2,111),(86,231,1,111),(86,234,1,111),(86,236,1,111),(86,236,2,111),(86,240,1,111),(86,243,1,111),(86,244,1,111),(86,247,1,111),(86,248,1,111),(86,249,1,111),(86,251,1,111),(86,251,2,111),(86,251,3,111),(86,252,1,111),(86,252,2,111),(86,259,1,111),(86,260,1,111),(86,261,1,111),(86,262,1,111),(86,263,1,111),(86,265,1,111),(86,266,1,111),(86,266,2,111),(86,270,1,111),(86,271,1,111),(86,277,1,111),(86,279,1,111),(86,279,2,111),(86,283,1,111),(86,286,1,111),(86,288,1,111),(86,289,1,111),(86,289,2,111),(86,290,1,111),(86,293,1,111),(86,297,1,111),(86,306,1,111),(86,310,1,111),(86,313,1,111),(86,314,1,111),(86,318,1,111),(86,320,1,111),(86,325,1,111),(86,326,1,111),(86,328,1,111),(86,331,1,111),(86,333,1,111),(86,333,2,111),(86,336,1,111),(86,340,1,111),(86,341,1,111),(86,342,1,111),(86,343,1,111),(86,354,1,111),(86,356,1,111),(86,357,1,111),(86,357,2,111),(86,364,1,111),(86,365,1,111),(86,365,2,111),(86,373,1,111),(86,374,1,111),(86,376,1,111),(86,377,1,111),(86,380,1,111),(89,4,1,111),(89,7,1,111),(89,7,2,111),(89,9,1,111),(89,9,2,111),(89,15,1,111),(89,16,1,111),(89,17,1,111),(89,18,1,111),(89,18,2,111),(89,18,3,111),(89,19,1,111),(89,26,1,111),(89,27,1,111),(89,27,2,111),(89,29,1,111),(89,32,1,111),(89,45,1,111),(89,50,1,111),(89,50,2,111),(89,51,1,111),(89,52,1,111),(89,57,1,111),(89,58,1,111),(89,61,1,111),(89,61,2,111),(89,65,1,111),(89,67,1,111),(89,70,1,111),(89,74,1,111),(89,76,1,111),(89,76,2,111),(89,77,1,111),(89,79,1,111),(89,82,1,111),(89,87,1,111),(89,88,1,111),(89,98,1,111),(89,100,1,111),(89,101,1,111),(89,102,1,111),(89,104,1,111),(89,108,1,111),(89,109,1,111),(89,111,1,111),(89,112,1,111),(89,113,1,111),(89,115,1,111),(89,120,1,111),(89,121,1,111),(89,123,1,111),(89,124,1,111),(89,125,1,111),(89,126,1,111),(89,128,1,111),(89,130,1,111),(89,130,2,111),(89,133,1,111),(89,137,1,111),(89,139,1,111),(89,139,2,111),(89,140,1,111),(89,140,2,111),(89,142,1,111),(89,144,1,111),(89,144,2,111),(89,148,1,111),(89,148,2,111),(89,151,1,111),(89,152,1,111),(89,152,2,111),(89,152,3,111),(89,153,1,111),(89,153,2,111),(89,154,1,111),(89,156,1,111),(89,158,1,111),(89,158,2,111),(89,162,1,111),(89,162,2,111),(89,170,1,111),(89,171,1,111),(89,173,1,111),(89,174,1,111),(89,175,1,111),(89,179,1,111),(89,179,2,111),(89,179,3,111),(89,180,1,111),(89,181,1,111),(89,188,1,111),(89,190,1,111),(89,193,1,111),(89,193,2,111),(89,195,1,111),(89,196,1,111),(89,200,1,111),(89,203,1,111),(89,205,1,111),(89,209,1,111),(89,210,1,111),(89,217,1,111),(89,220,1,111),(89,228,1,111),(89,230,1,111),(89,235,1,111),(89,237,1,111),(89,240,1,111),(89,241,1,111),(89,242,1,111),(89,245,1,111),(89,257,1,111),(89,258,1,111),(89,258,2,111),(89,259,1,111),(89,259,2,111),(89,260,1,111),(89,262,1,111),(89,263,1,111),(89,267,1,111),(89,271,1,111),(89,273,1,111),(89,278,1,111),(89,279,1,111),(89,291,1,111),(89,295,1,111),(89,295,2,111),(89,296,1,111),(89,297,1,111),(89,298,1,111),(89,301,1,111),(89,303,1,111),(89,310,1,111),(89,313,1,111),(89,322,1,111),(89,324,1,111),(89,326,1,111),(89,327,1,111),(89,328,1,111),(89,330,1,111),(89,330,2,111),(89,334,1,111),(89,340,1,111),(89,340,2,111),(89,348,1,111),(89,351,1,111),(89,352,1,111),(89,353,1,111),(89,356,1,111),(89,356,2,111),(89,360,1,111),(89,361,1,111),(89,362,1,111),(89,363,1,111),(89,365,1,111),(89,368,1,111),(89,379,1,111),(97,2,1,111),(97,4,1,111),(97,4,2,111),(97,7,1,111),(97,15,1,111),(97,19,1,111),(97,21,1,111),(97,24,1,111),(97,28,1,111),(97,28,2,111),(97,29,1,111),(97,31,1,111),(97,32,1,111),(97,35,1,111),(97,38,1,111),(97,39,1,111),(97,40,1,111),(97,42,1,111),(97,44,1,111),(97,48,1,111),(97,50,1,111),(97,52,1,111),(97,56,1,111),(97,58,1,111),(97,61,1,111),(97,64,1,111),(97,69,1,111),(97,70,1,111),(97,72,1,111),(97,74,1,111),(97,74,2,111),(97,77,1,111),(97,77,2,111),(97,77,3,111),(97,78,1,111),(97,79,1,111),(97,82,1,111),(97,83,1,111),(97,86,1,111),(97,87,1,111),(97,89,1,111),(97,89,2,111),(97,91,1,111),(97,91,2,111),(97,92,1,111),(97,94,1,111),(97,98,1,111),(97,101,1,111),(97,105,1,111),(97,106,1,111),(97,110,1,111),(97,111,1,111),(97,114,1,111),(97,118,1,111),(97,119,1,111),(97,120,1,111),(97,124,1,111),(97,128,1,111),(97,129,1,111),(97,133,1,111),(97,135,1,111),(97,139,1,111),(97,140,1,111),(97,145,1,111),(97,145,2,111),(97,146,1,111),(97,149,1,111),(97,152,1,111),(97,154,1,111),(97,156,1,111),(97,162,1,111),(97,170,1,111),(97,172,1,111),(97,177,1,111),(97,177,2,111),(97,178,1,111),(97,179,1,111),(97,184,1,111),(97,185,1,111),(97,185,2,111),(97,186,1,111),(97,186,2,111),(97,189,1,111),(97,189,2,111),(97,190,1,111),(97,192,1,111),(97,193,1,111),(97,194,1,111),(97,196,1,111),(97,201,1,111),(97,206,1,111),(97,207,1,111),(97,213,1,111),(97,214,1,111),(97,215,1,111),(97,218,1,111),(97,220,1,111),(97,220,2,111),(97,222,1,111),(97,222,2,111),(97,223,1,111),(97,224,1,111),(97,225,1,111),(97,226,1,111),(97,231,1,111),(97,232,1,111),(97,233,1,111),(97,233,2,111),(97,238,1,111),(97,240,1,111),(97,241,1,111),(97,241,2,111),(97,244,1,111),(97,244,2,111),(97,245,1,111),(97,248,1,111),(97,248,2,111),(97,250,1,111),(97,250,2,111),(97,252,1,111),(97,258,1,111),(97,265,1,111),(97,266,1,111),(97,270,1,111),(97,274,1,111),(97,282,1,111),(97,284,1,111),(97,286,1,111),(97,288,1,111),(97,288,2,111),(97,288,3,111),(97,289,1,111),(97,291,1,111),(97,293,1,111),(97,297,1,111),(97,303,1,111),(97,303,2,111),(97,310,1,111),(97,311,1,111),(97,312,1,111),(97,315,1,111),(97,315,2,111),(97,322,1,111),(97,327,1,111),(97,327,2,111),(97,328,1,111),(97,329,1,111),(97,330,1,111),(97,335,1,111),(97,337,1,111),(97,342,1,111),(97,342,2,111),(97,347,1,111),(97,348,1,111),(97,351,1,111),(97,352,1,111),(97,352,2,111),(97,355,1,111),(97,355,2,111),(97,356,1,111),(97,357,1,111),(97,360,1,111),(97,360,2,111),(97,365,1,111),(97,366,1,111),(97,368,1,111),(97,369,1,111),(97,369,2,111),(97,371,1,111),(97,371,2,111),(97,372,1,111),(97,382,1,111),(97,382,2,111),(97,382,3,111),(97,382,4,111),(98,4,1,111),(98,8,1,111),(98,9,1,111),(98,10,1,111),(98,11,1,111),(98,13,1,111),(98,15,1,111),(98,16,1,111),(98,21,1,111),(98,22,1,111),(98,23,1,111),(98,28,1,111),(98,32,1,111),(98,34,1,111),(98,38,1,111),(98,42,1,111),(98,43,1,111),(98,45,1,111),(98,51,1,111),(98,53,1,111),(98,55,1,111),(98,57,1,111),(98,57,2,111),(98,58,1,111),(98,58,2,111),(98,60,1,111),(98,61,1,111),(98,63,1,111),(98,68,1,111),(98,71,1,111),(98,76,1,111),(98,79,1,111),(98,83,1,111),(98,83,2,111),(98,86,1,111),(98,86,2,111),(98,88,1,111),(98,90,1,111),(98,98,1,111),(98,99,1,111),(98,100,1,111),(98,101,1,111),(98,101,2,111),(98,108,1,111),(98,108,2,111),(98,109,1,111),(98,112,1,111),(98,117,1,111),(98,118,1,111),(98,120,1,111),(98,121,1,111),(98,122,1,111),(98,122,2,111),(98,124,1,111),(98,125,1,111),(98,125,2,111),(98,127,1,111),(98,129,1,111),(98,130,1,111),(98,135,1,111),(98,137,1,111),(98,139,1,111),(98,142,1,111),(98,142,2,111),(98,142,3,111),(98,148,1,111),(98,149,1,111),(98,149,2,111),(98,153,1,111),(98,158,1,111),(98,161,1,111),(98,161,2,111),(98,164,1,111),(98,164,2,111),(98,165,1,111),(98,171,1,111),(98,173,1,111),(98,173,2,111),(98,174,1,111),(98,175,1,111),(98,176,1,111),(98,176,2,111),(98,180,1,111),(98,183,1,111),(98,183,2,111),(98,186,1,111),(98,190,1,111),(98,194,1,111),(98,198,1,111),(98,199,1,111),(98,201,1,111),(98,203,1,111),(98,205,1,111),(98,209,1,111),(98,213,1,111),(98,214,1,111),(98,215,1,111),(98,218,1,111),(98,222,1,111),(98,231,1,111),(98,233,1,111),(98,233,2,111),(98,233,3,111),(98,238,1,111),(98,243,1,111),(98,244,1,111),(98,245,1,111),(98,245,2,111),(98,246,1,111),(98,248,1,111),(98,255,1,111),(98,258,1,111),(98,260,1,111),(98,261,1,111),(98,262,1,111),(98,263,1,111),(98,264,1,111),(98,265,1,111),(98,268,1,111),(98,268,2,111),(98,273,1,111),(98,275,1,111),(98,276,1,111),(98,278,1,111),(98,281,1,111),(98,287,1,111),(98,289,1,111),(98,289,2,111),(98,301,1,111),(98,304,1,111),(98,306,1,111),(98,308,1,111),(98,309,1,111),(98,311,1,111),(98,313,1,111),(98,314,1,111),(98,320,1,111),(98,320,2,111),(98,321,1,111),(98,335,1,111),(98,337,1,111),(98,341,1,111),(98,341,2,111),(98,343,1,111),(98,343,2,111),(98,345,1,111),(98,349,1,111),(98,353,1,111),(98,354,1,111),(98,356,1,111),(98,357,1,111),(98,357,2,111),(98,360,1,111),(98,361,1,111),(98,361,2,111),(98,362,1,111),(98,363,1,111),(98,364,1,111),(98,364,2,111),(98,365,1,111),(98,369,1,111),(98,370,1,111),(98,370,2,111),(98,370,3,111),(98,371,1,111),(98,376,1,111),(98,381,1,111),(98,382,1,111),(99,2,1,111),(99,7,1,111),(99,8,1,111),(99,11,1,111),(99,12,1,111),(99,16,1,111),(99,19,1,111),(99,19,2,111),(99,25,1,111),(99,27,1,111),(99,29,1,111),(99,29,2,111),(99,39,1,111),(99,42,1,111),(99,45,1,111),(99,45,2,111),(99,47,1,111),(99,52,1,111),(99,55,1,111),(99,56,1,111),(99,56,2,111),(99,58,1,111),(99,59,1,111),(99,60,1,111),(99,61,1,111),(99,63,1,111),(99,64,1,111),(99,68,1,111),(99,69,1,111),(99,70,1,111),(99,71,1,111),(99,73,1,111),(99,77,1,111),(99,78,1,111),(99,81,1,111),(99,83,1,111),(99,92,1,111),(99,93,1,111),(99,97,1,111),(99,107,1,111),(99,109,1,111),(99,109,2,111),(99,111,1,111),(99,112,1,111),(99,118,1,111),(99,119,1,111),(99,121,1,111),(99,123,1,111),(99,124,1,111),(99,125,1,111),(99,127,1,111),(99,127,2,111),(99,129,1,111),(99,131,1,111),(99,132,1,111),(99,137,1,111),(99,139,1,111),(99,140,1,111),(99,141,1,111),(99,145,1,111),(99,145,2,111),(99,148,1,111),(99,150,1,111),(99,151,1,111),(99,152,1,111),(99,153,1,111),(99,153,2,111),(99,154,1,111),(99,155,1,111),(99,157,1,111),(99,160,1,111),(99,160,2,111),(99,164,1,111),(99,165,1,111),(99,165,2,111),(99,165,3,111),(99,166,1,111),(99,169,1,111),(99,171,1,111),(99,174,1,111),(99,174,2,111),(99,175,1,111),(99,177,1,111),(99,180,1,111),(99,180,2,111),(99,180,3,111),(99,182,1,111),(99,184,1,111),(99,184,2,111),(99,191,1,111),(99,199,1,111),(99,205,1,111),(99,206,1,111),(99,210,1,111),(99,214,1,111),(99,222,1,111),(99,227,1,111),(99,228,1,111),(99,233,1,111),(99,234,1,111),(99,237,1,111),(99,240,1,111),(99,243,1,111),(99,247,1,111),(99,250,1,111),(99,254,1,111),(99,258,1,111),(99,261,1,111),(99,262,1,111),(99,266,1,111),(99,267,1,111),(99,268,1,111),(99,270,1,111),(99,271,1,111),(99,273,1,111),(99,277,1,111),(99,280,1,111),(99,280,2,111),(99,283,1,111),(99,285,1,111),(99,285,2,111),(99,286,1,111),(99,290,1,111),(99,294,1,111),(99,299,1,111),(99,301,1,111),(99,307,1,111),(99,310,1,111),(99,318,1,111),(99,321,1,111),(99,322,1,111),(99,328,1,111),(99,331,1,111),(99,335,1,111),(99,335,2,111),(99,336,1,111),(99,341,1,111),(99,341,2,111),(99,345,1,111),(99,349,1,111),(99,352,1,111),(99,353,1,111),(99,353,2,111),(99,353,3,111),(99,356,1,111),(99,359,1,111),(99,360,1,111),(99,365,1,111),(99,365,2,111),(99,366,1,111),(99,372,1,111),(99,373,1,111),(99,375,1,111),(99,376,1,111),(99,377,1,111),(99,378,1,111),(99,378,2,111),(99,380,1,111),(99,381,1,111),(101,1,1,111),(101,2,1,111),(101,4,1,111),(101,4,2,111),(101,9,1,111),(101,9,2,111),(101,11,1,111),(101,16,1,111),(101,17,1,111),(101,23,1,111),(101,25,1,111),(101,27,1,111),(101,28,1,111),(101,29,1,111),(101,30,1,111),(101,31,1,111),(101,31,2,111),(101,32,1,111),(101,32,2,111),(101,35,1,111),(101,39,1,111),(101,42,1,111),(101,42,2,111),(101,44,1,111),(101,44,2,111),(101,46,1,111),(101,46,2,111),(101,48,1,111),(101,50,1,111),(101,54,1,111),(101,54,2,111),(101,55,1,111),(101,56,1,111),(101,58,1,111),(101,59,1,111),(101,60,1,111),(101,65,1,111),(101,69,1,111),(101,72,1,111),(101,74,1,111),(101,76,1,111),(101,77,1,111),(101,79,1,111),(101,82,1,111),(101,82,2,111),(101,83,1,111),(101,84,1,111),(101,93,1,111),(101,93,2,111),(101,93,3,111),(101,94,1,111),(101,95,1,111),(101,96,1,111),(101,96,2,111),(101,97,1,111),(101,98,1,111),(101,103,1,111),(101,106,1,111),(101,111,1,111),(101,113,1,111),(101,115,1,111),(101,117,1,111),(101,117,2,111),(101,118,1,111),(101,119,1,111),(101,120,1,111),(101,120,2,111),(101,121,1,111),(101,126,1,111),(101,129,1,111),(101,131,1,111),(101,132,1,111),(101,134,1,111),(101,134,2,111),(101,135,1,111),(101,140,1,111),(101,140,2,111),(101,141,1,111),(101,141,2,111),(101,143,1,111),(101,144,1,111),(101,150,1,111),(101,150,2,111),(101,152,1,111),(101,153,1,111),(101,154,1,111),(101,155,1,111),(101,156,1,111),(101,157,1,111),(101,158,1,111),(101,159,1,111),(101,160,1,111),(101,162,1,111),(101,163,1,111),(101,164,1,111),(101,165,1,111),(101,171,1,111),(101,172,1,111),(101,173,1,111),(101,173,2,111),(101,174,1,111),(101,178,1,111),(101,180,1,111),(101,189,1,111),(101,195,1,111),(101,198,1,111),(101,198,2,111),(101,199,1,111),(101,201,1,111),(101,202,1,111),(101,203,1,111),(101,206,1,111),(101,206,2,111),(101,207,1,111),(101,213,1,111),(101,213,2,111),(101,216,1,111),(101,217,1,111),(101,218,1,111),(101,219,1,111),(101,219,2,111),(101,219,3,111),(101,221,1,111),(101,222,1,111),(101,228,1,111),(101,228,2,111),(101,228,3,111),(101,231,1,111),(101,232,1,111),(101,232,2,111),(101,236,1,111),(101,239,1,111),(101,242,1,111),(101,243,1,111),(101,246,1,111),(101,246,2,111),(101,248,1,111),(101,249,1,111),(101,251,1,111),(101,253,1,111),(101,254,1,111),(101,255,1,111),(101,258,1,111),(101,258,2,111),(101,262,1,111),(101,263,1,111),(101,265,1,111),(101,268,1,111),(101,269,1,111),(101,272,1,111),(101,273,1,111),(101,273,2,111),(101,275,1,111),(101,275,2,111),(101,277,1,111),(101,277,2,111),(101,277,3,111),(101,281,1,111),(101,287,1,111),(101,289,1,111),(101,292,1,111),(101,293,1,111),(101,293,2,111),(101,297,1,111),(101,300,1,111),(101,310,1,111),(101,311,1,111),(101,311,2,111),(101,313,1,111),(101,315,1,111),(101,317,1,111),(101,324,1,111),(101,326,1,111),(101,330,1,111),(101,331,1,111),(101,332,1,111),(101,335,1,111),(101,339,1,111),(101,339,2,111),(101,341,1,111),(101,341,2,111),(101,343,1,111),(101,347,1,111),(101,348,1,111),(101,351,1,111),(101,353,1,111),(101,353,2,111),(101,356,1,111),(101,358,1,111),(101,358,2,111),(101,359,1,111),(101,359,2,111),(101,364,1,111),(101,367,1,111),(101,368,1,111),(101,368,2,111),(101,373,1,111),(101,374,1,111),(101,377,1,111),(101,377,2,111),(101,380,1,111),(101,382,1,111),(110,1,1,111),(110,6,1,111),(110,8,1,111),(110,13,1,111),(110,16,1,111),(110,19,1,111),(110,30,1,111),(110,30,2,111),(110,31,1,111),(110,36,1,111),(110,37,1,111),(110,39,1,111),(110,39,2,111),(110,40,1,111),(110,40,2,111),(110,40,3,111),(110,45,1,111),(110,46,1,111),(110,46,2,111),(110,47,1,111),(110,49,1,111),(110,50,1,111),(110,51,1,111),(110,56,1,111),(110,57,1,111),(110,60,1,111),(110,63,1,111),(110,71,1,111),(110,71,2,111),(110,76,1,111),(110,80,1,111),(110,81,1,111),(110,86,1,111),(110,87,1,111),(110,89,1,111),(110,96,1,111),(110,98,1,111),(110,104,1,111),(110,105,1,111),(110,111,1,111),(110,112,1,111),(110,115,1,111),(110,117,1,111),(110,123,1,111),(110,129,1,111),(110,131,1,111),(110,131,2,111),(110,133,1,111),(110,134,1,111),(110,135,1,111),(110,138,1,111),(110,139,1,111),(110,140,1,111),(110,146,1,111),(110,148,1,111),(110,159,1,111),(110,161,1,111),(110,164,1,111),(110,165,1,111),(110,173,1,111),(110,180,1,111),(110,184,1,111),(110,185,1,111),(110,186,1,111),(110,188,1,111),(110,192,1,111),(110,193,1,111),(110,195,1,111),(110,195,2,111),(110,199,1,111),(110,199,2,111),(110,201,1,111),(110,203,1,111),(110,205,1,111),(110,212,1,111),(110,212,2,111),(110,213,1,111),(110,214,1,111),(110,215,1,111),(110,215,2,111),(110,219,1,111),(110,220,1,111),(110,221,1,111),(110,223,1,111),(110,225,1,111),(110,226,1,111),(110,229,1,111),(110,230,1,111),(110,230,2,111),(110,233,1,111),(110,236,1,111),(110,237,1,111),(110,241,1,111),(110,241,2,111),(110,248,1,111),(110,248,2,111),(110,250,1,111),(110,256,1,111),(110,256,2,111),(110,262,1,111),(110,263,1,111),(110,264,1,111),(110,264,2,111),(110,264,3,111),(110,265,1,111),(110,265,2,111),(110,274,1,111),(110,274,2,111),(110,276,1,111),(110,278,1,111),(110,279,1,111),(110,280,1,111),(110,281,1,111),(110,281,2,111),(110,282,1,111),(110,284,1,111),(110,288,1,111),(110,289,1,111),(110,290,1,111),(110,292,1,111),(110,293,1,111),(110,297,1,111),(110,299,1,111),(110,302,1,111),(110,303,1,111),(110,305,1,111),(110,306,1,111),(110,307,1,111),(110,307,2,111),(110,309,1,111),(110,313,1,111),(110,314,1,111),(110,316,1,111),(110,320,1,111),(110,321,1,111),(110,323,1,111),(110,325,1,111),(110,331,1,111),(110,332,1,111),(110,340,1,111),(110,342,1,111),(110,343,1,111),(110,344,1,111),(110,345,1,111),(110,346,1,111),(110,347,1,111),(110,348,1,111),(110,350,1,111),(110,351,1,111),(110,352,1,111),(110,353,1,111),(110,360,1,111),(110,361,1,111),(110,362,1,111),(110,363,1,111),(110,364,1,111),(110,365,1,111),(110,368,1,111),(110,369,1,111),(110,369,2,111),(110,370,1,111),(110,372,1,111),(110,375,1,111),(110,378,1,111),(110,378,2,111),(110,378,3,111),(110,381,1,111),(117,6,1,111),(117,6,2,111),(117,8,1,111),(117,13,1,111),(117,19,1,111),(117,19,2,111),(117,19,3,111),(117,21,1,111),(117,22,1,111),(117,24,1,111),(117,25,1,111),(117,27,1,111),(117,28,1,111),(117,31,1,111),(117,35,1,111),(117,36,1,111),(117,41,1,111),(117,46,1,111),(117,47,1,111),(117,47,2,111),(117,47,3,111),(117,48,1,111),(117,48,2,111),(117,51,1,111),(117,52,1,111),(117,53,1,111),(117,53,2,111),(117,53,3,111),(117,54,1,111),(117,56,1,111),(117,57,1,111),(117,61,1,111),(117,64,1,111),(117,64,2,111),(117,65,1,111),(117,65,2,111),(117,68,1,111),(117,70,1,111),(117,72,1,111),(117,76,1,111),(117,95,1,111),(117,95,2,111),(117,97,1,111),(117,97,2,111),(117,100,1,111),(117,103,1,111),(117,105,1,111),(117,105,2,111),(117,106,1,111),(117,110,1,111),(117,110,2,111),(117,112,1,111),(117,112,2,111),(117,121,1,111),(117,123,1,111),(117,124,1,111),(117,125,1,111),(117,129,1,111),(117,134,1,111),(117,135,1,111),(117,136,1,111),(117,138,1,111),(117,138,2,111),(117,141,1,111),(117,143,1,111),(117,146,1,111),(117,146,2,111),(117,151,1,111),(117,156,1,111),(117,158,1,111),(117,158,2,111),(117,161,1,111),(117,162,1,111),(117,166,1,111),(117,167,1,111),(117,170,1,111),(117,171,1,111),(117,172,1,111),(117,174,1,111),(117,174,2,111),(117,175,1,111),(117,175,2,111),(117,176,1,111),(117,178,1,111),(117,184,1,111),(117,185,1,111),(117,185,2,111),(117,185,3,111),(117,186,1,111),(117,186,2,111),(117,189,1,111),(117,194,1,111),(117,197,1,111),(117,198,1,111),(117,204,1,111),(117,204,2,111),(117,205,1,111),(117,205,2,111),(117,207,1,111),(117,207,2,111),(117,210,1,111),(117,218,1,111),(117,219,1,111),(117,220,1,111),(117,221,1,111),(117,222,1,111),(117,222,2,111),(117,224,1,111),(117,225,1,111),(117,225,2,111),(117,227,1,111),(117,228,1,111),(117,229,1,111),(117,237,1,111),(117,240,1,111),(117,241,1,111),(117,247,1,111),(117,253,1,111),(117,254,1,111),(117,257,1,111),(117,258,1,111),(117,259,1,111),(117,263,1,111),(117,270,1,111),(117,275,1,111),(117,277,1,111),(117,277,2,111),(117,282,1,111),(117,283,1,111),(117,284,1,111),(117,286,1,111),(117,287,1,111),(117,288,1,111),(117,291,1,111),(117,295,1,111),(117,302,1,111),(117,303,1,111),(117,304,1,111),(117,314,1,111),(117,319,1,111),(117,323,1,111),(117,323,2,111),(117,327,1,111),(117,335,1,111),(117,336,1,111),(117,337,1,111),(117,338,1,111),(117,339,1,111),(117,340,1,111),(117,345,1,111),(117,355,1,111),(117,356,1,111),(117,361,1,111),(117,362,1,111),(117,362,2,111),(117,366,1,111),(117,366,2,111),(117,369,1,111),(117,371,1,111),(117,373,1,111),(117,373,2,111),(117,374,1,111),(117,375,1,111),(117,378,1,111),(117,380,1,111),(117,381,1,111),(120,1,1,111),(120,6,1,111),(120,10,1,111),(120,16,1,111),(120,16,2,111),(120,18,1,111),(120,19,1,111),(120,19,2,111),(120,19,3,111),(120,20,1,111),(120,21,1,111),(120,25,1,111),(120,26,1,111),(120,34,1,111),(120,38,1,111),(120,39,1,111),(120,40,1,111),(120,43,1,111),(120,43,2,111),(120,44,1,111),(120,45,1,111),(120,47,1,111),(120,51,1,111),(120,53,1,111),(120,55,1,111),(120,57,1,111),(120,59,1,111),(120,61,1,111),(120,65,1,111),(120,66,1,111),(120,68,1,111),(120,73,1,111),(120,73,2,111),(120,73,3,111),(120,75,1,111),(120,80,1,111),(120,83,1,111),(120,83,2,111),(120,83,3,111),(120,83,4,111),(120,89,1,111),(120,89,2,111),(120,92,1,111),(120,92,2,111),(120,94,1,111),(120,99,1,111),(120,100,1,111),(120,103,1,111),(120,111,1,111),(120,113,1,111),(120,115,1,111),(120,116,1,111),(120,117,1,111),(120,119,1,111),(120,119,2,111),(120,125,1,111),(120,125,2,111),(120,129,1,111),(120,132,1,111),(120,132,2,111),(120,133,1,111),(120,135,1,111),(120,146,1,111),(120,149,1,111),(120,149,2,111),(120,150,1,111),(120,157,1,111),(120,158,1,111),(120,161,1,111),(120,161,2,111),(120,163,1,111),(120,163,2,111),(120,164,1,111),(120,165,1,111),(120,169,1,111),(120,173,1,111),(120,173,2,111),(120,176,1,111),(120,178,1,111),(120,187,1,111),(120,189,1,111),(120,192,1,111),(120,197,1,111),(120,197,2,111),(120,204,1,111),(120,206,1,111),(120,210,1,111),(120,211,1,111),(120,217,1,111),(120,218,1,111),(120,220,1,111),(120,224,1,111),(120,237,1,111),(120,238,1,111),(120,243,1,111),(120,247,1,111),(120,249,1,111),(120,252,1,111),(120,260,1,111),(120,260,2,111),(120,261,1,111),(120,263,1,111),(120,271,1,111),(120,272,1,111),(120,276,1,111),(120,282,1,111),(120,284,1,111),(120,285,1,111),(120,285,2,111),(120,285,3,111),(120,287,1,111),(120,290,1,111),(120,293,1,111),(120,293,2,111),(120,299,1,111),(120,302,1,111),(120,302,2,111),(120,304,1,111),(120,307,1,111),(120,311,1,111),(120,312,1,111),(120,313,1,111),(120,313,2,111),(120,316,1,111),(120,322,1,111),(120,327,1,111),(120,331,1,111),(120,333,1,111),(120,334,1,111),(120,335,1,111),(120,335,2,111),(120,338,1,111),(120,338,2,111),(120,341,1,111),(120,342,1,111),(120,342,2,111),(120,343,1,111),(120,345,1,111),(120,345,2,111),(120,346,1,111),(120,348,1,111),(120,349,1,111),(120,351,1,111),(120,359,1,111),(120,361,1,111),(120,361,2,111),(120,362,1,111),(120,365,1,111),(120,365,2,111),(120,366,1,111),(120,366,2,111),(120,366,3,111),(120,367,1,111),(120,375,1,111),(120,375,2,111),(120,380,1,111),(120,382,1,111),(121,4,1,333),(121,6,1,111),(121,7,1,111),(121,10,1,111),(121,10,2,111),(121,10,3,111),(121,11,1,111),(121,13,1,111),(121,18,1,111),(121,19,1,111),(121,22,1,111),(121,32,1,111),(121,33,1,111),(121,33,2,111),(121,35,1,111),(121,36,1,111),(121,45,1,111),(121,47,1,111),(121,56,1,111),(121,56,2,111),(121,57,1,111),(121,58,1,111),(121,61,1,111),(121,63,1,111),(121,64,1,111),(121,66,1,111),(121,70,1,111),(121,75,1,111),(121,79,1,111),(121,82,1,111),(121,83,1,111),(121,83,2,111),(121,84,1,111),(121,89,1,111),(121,90,1,111),(121,95,1,111),(121,97,1,111),(121,99,1,111),(121,109,1,111),(121,111,1,111),(121,115,1,111),(121,115,2,111),(121,115,3,111),(121,115,4,111),(121,125,1,111),(121,127,1,111),(121,128,1,111),(121,132,1,111),(121,132,2,111),(121,135,1,111),(121,137,1,111),(121,141,1,111),(121,141,2,111),(121,147,1,111),(121,149,1,111),(121,149,2,111),(121,149,3,111),(121,150,1,111),(121,154,1,111),(121,156,1,111),(121,156,2,111),(121,157,1,111),(121,160,1,111),(121,161,1,111),(121,163,1,111),(121,164,1,111),(121,167,1,111),(121,171,1,111),(121,172,1,111),(121,172,2,111),(121,172,3,111),(121,173,1,111),(121,175,1,111),(121,176,1,111),(121,179,1,111),(121,180,1,111),(121,182,1,111),(121,183,1,111),(121,183,2,111),(121,184,1,111),(121,185,1,111),(121,185,2,111),(121,187,1,111),(121,189,1,111),(121,190,1,111),(121,191,1,111),(121,197,1,111),(121,200,1,111),(121,200,2,111),(121,201,1,111),(121,205,1,111),(121,205,2,111),(121,212,1,111),(121,214,1,111),(121,215,1,111),(121,218,1,111),(121,219,1,111),(121,220,1,111),(121,226,1,111),(121,230,1,111),(121,236,1,111),(121,241,1,111),(121,246,1,111),(121,248,1,111),(121,249,1,111),(121,249,2,111),(121,250,1,111),(121,251,1,111),(121,251,2,111),(121,251,3,111),(121,251,4,111),(121,252,1,111),(121,255,1,111),(121,262,1,111),(121,262,2,111),(121,273,1,111),(121,275,1,111),(121,276,1,111),(121,279,1,111),(121,279,2,111),(121,280,1,111),(121,280,2,111),(121,283,1,111),(121,283,2,111),(121,284,1,111),(121,287,1,111),(121,289,1,111),(121,289,2,111),(121,293,1,111),(121,295,1,111),(121,296,1,111),(121,303,1,111),(121,306,1,111),(121,307,1,111),(121,307,2,111),(121,312,1,111),(121,319,1,111),(121,319,2,111),(121,320,1,111),(121,324,1,111),(121,326,1,111),(121,327,1,111),(121,328,1,111),(121,330,1,111),(121,330,2,111),(121,331,1,111),(121,332,1,111),(121,333,1,111),(121,335,1,111),(121,337,1,111),(121,342,1,111),(121,347,1,111),(121,347,2,111),(121,350,1,111),(121,352,1,111),(121,353,1,111),(121,356,1,111),(121,361,1,111),(121,361,2,111),(121,363,1,111),(121,363,2,111),(121,363,3,111),(121,365,1,111),(121,371,1,111),(121,371,2,111),(121,371,3,111),(121,372,1,111),(121,375,1,111),(121,375,2,111),(121,375,3,111),(121,377,1,111),(121,377,2,111),(121,378,1,111),(121,379,1,111),(126,1,1,111),(126,1,2,111),(126,3,1,111),(126,8,1,111),(126,10,1,111),(126,14,1,111),(126,15,1,111),(126,18,1,111),(126,26,1,111),(126,27,1,111),(126,29,1,111),(126,32,1,111),(126,32,2,111),(126,33,1,111),(126,33,2,111),(126,34,1,111),(126,36,1,111),(126,39,1,111),(126,39,2,111),(126,40,1,111),(126,41,1,111),(126,41,2,111),(126,43,1,111),(126,45,1,111),(126,45,2,111),(126,46,1,111),(126,46,2,111),(126,48,1,111),(126,49,1,111),(126,50,1,111),(126,51,1,111),(126,52,1,111),(126,54,1,111),(126,55,1,111),(126,61,1,111),(126,62,1,111),(126,67,1,111),(126,71,1,111),(126,78,1,111),(126,79,1,111),(126,80,1,111),(126,89,1,111),(126,89,2,111),(126,91,1,111),(126,92,1,111),(126,94,1,111),(126,97,1,111),(126,100,1,111),(126,106,1,111),(126,106,2,111),(126,108,1,111),(126,110,1,111),(126,114,1,111),(126,114,2,111),(126,117,1,111),(126,120,1,111),(126,128,1,111),(126,129,1,111),(126,131,1,111),(126,135,1,111),(126,140,1,111),(126,141,1,111),(126,141,2,111),(126,142,1,111),(126,145,1,111),(126,147,1,111),(126,148,1,111),(126,152,1,111),(126,154,1,111),(126,156,1,111),(126,156,2,111),(126,157,1,111),(126,158,1,111),(126,160,1,111),(126,165,1,111),(126,171,1,111),(126,173,1,111),(126,178,1,111),(126,182,1,111),(126,183,1,111),(126,185,1,111),(126,186,1,111),(126,187,1,111),(126,189,1,111),(126,189,2,111),(126,192,1,111),(126,202,1,111),(126,203,1,111),(126,206,1,111),(126,207,1,111),(126,213,1,111),(126,220,1,111),(126,224,1,111),(126,228,1,111),(126,228,2,111),(126,228,3,111),(126,238,1,111),(126,242,1,111),(126,251,1,111),(126,254,1,111),(126,256,1,111),(126,258,1,111),(126,259,1,111),(126,262,1,111),(126,264,1,111),(126,265,1,111),(126,269,1,111),(126,275,1,111),(126,278,1,111),(126,280,1,111),(126,289,1,111),(126,291,1,111),(126,293,1,111),(126,302,1,111),(126,304,1,111),(126,310,1,111),(126,310,2,111),(126,315,1,111),(126,317,1,111),(126,318,1,111),(126,318,2,111),(126,318,3,111),(126,319,1,111),(126,321,1,111),(126,328,1,111),(126,329,1,111),(126,329,2,111),(126,330,1,111),(126,336,1,111),(126,336,2,111),(126,344,1,111),(126,349,1,111),(126,351,1,111),(126,353,1,111),(126,354,1,111),(126,355,1,111),(126,358,1,111),(126,362,1,111),(126,365,1,111),(126,367,1,111),(126,371,1,111),(126,374,1,111),(126,375,1,111),(126,376,1,111),(126,377,1,111),(130,1,1,111),(130,2,1,111),(130,3,1,111),(130,5,1,111),(130,7,1,111),(130,8,1,111),(130,9,1,111),(130,10,1,111),(130,10,2,111),(130,15,1,111),(130,15,2,111),(130,16,1,111),(130,17,1,111),(130,18,1,111),(130,19,1,111),(130,19,2,111),(130,22,1,111),(130,25,1,111),(130,26,1,111),(130,26,2,111),(130,31,1,111),(130,34,1,111),(130,37,1,111),(130,38,1,111),(130,40,1,111),(130,40,2,111),(130,41,1,111),(130,45,1,111),(130,46,1,111),(130,52,1,111),(130,53,1,111),(130,62,1,111),(130,68,1,111),(130,69,1,111),(130,77,1,111),(130,77,2,111),(130,78,1,111),(130,79,1,111),(130,83,1,111),(130,91,1,111),(130,96,1,111),(130,100,1,111),(130,101,1,111),(130,104,1,111),(130,107,1,111),(130,107,2,111),(130,109,1,111),(130,116,1,111),(130,120,1,111),(130,125,1,111),(130,125,2,111),(130,125,3,111),(130,128,1,111),(130,130,1,111),(130,131,1,111),(130,132,1,111),(130,133,1,111),(130,133,2,111),(130,135,1,111),(130,136,1,111),(130,141,1,111),(130,143,1,111),(130,146,1,111),(130,147,1,111),(130,148,1,111),(130,148,2,111),(130,153,1,111),(130,157,1,111),(130,157,2,111),(130,157,3,111),(130,160,1,111),(130,162,1,111),(130,164,1,111),(130,167,1,111),(130,169,1,111),(130,169,2,111),(130,169,3,111),(130,170,1,111),(130,170,2,111),(130,176,1,111),(130,179,1,111),(130,180,1,111),(130,187,1,111),(130,188,1,111),(130,191,1,111),(130,192,1,111),(130,192,2,111),(130,197,1,111),(130,198,1,111),(130,199,1,111),(130,199,2,111),(130,205,1,111),(130,206,1,111),(130,209,1,111),(130,210,1,111),(130,212,1,111),(130,222,1,111),(130,224,1,111),(130,226,1,111),(130,226,2,111),(130,229,1,111),(130,231,1,111),(130,233,1,111),(130,234,1,111),(130,235,1,111),(130,236,1,111),(130,242,1,111),(130,243,1,111),(130,247,1,111),(130,249,1,111),(130,253,1,111),(130,256,1,111),(130,257,1,111),(130,260,1,111),(130,261,1,111),(130,261,2,111),(130,262,1,111),(130,263,1,111),(130,269,1,111),(130,270,1,111),(130,272,1,111),(130,273,1,111),(130,274,1,111),(130,280,1,111),(130,282,1,111),(130,283,1,111),(130,285,1,111),(130,286,1,111),(130,287,1,111),(130,287,2,111),(130,294,1,111),(130,297,1,111),(130,301,1,111),(130,304,1,111),(130,306,1,111),(130,310,1,111),(130,312,1,111),(130,314,1,111),(130,317,1,111),(130,321,1,111),(130,322,1,111),(130,326,1,111),(130,327,1,111),(130,330,1,111),(130,333,1,111),(130,335,1,111),(130,337,1,111),(130,338,1,111),(130,339,1,111),(130,340,1,111),(130,340,2,111),(130,342,1,111),(130,342,2,111),(130,345,1,111),(130,346,1,111),(130,352,1,111),(130,353,1,111),(130,354,1,111),(130,354,2,111),(130,355,1,111),(130,356,1,111),(130,357,1,111),(130,361,1,111),(130,363,1,111),(130,366,1,111),(130,367,1,111),(130,369,1,111),(130,370,1,111),(130,370,2,111),(130,372,1,111),(130,375,1,111),(135,1,1,111),(135,4,1,111),(135,6,1,111),(135,8,1,111),(135,9,1,111),(135,9,2,111),(135,11,1,111),(135,15,1,111),(135,16,1,111),(135,19,1,111),(135,21,1,111),(135,31,1,111),(135,33,1,111),(135,36,1,111),(135,36,2,111),(135,38,1,111),(135,39,1,111),(135,46,1,111),(135,48,1,111),(135,48,2,111),(135,50,1,111),(135,52,1,111),(135,53,1,111),(135,54,1,111),(135,56,1,111),(135,60,1,111),(135,64,1,111),(135,68,1,111),(135,70,1,111),(135,71,1,111),(135,74,1,111),(135,75,1,111),(135,80,1,111),(135,83,1,111),(135,91,1,111),(135,95,1,111),(135,96,1,111),(135,103,1,111),(135,104,1,111),(135,106,1,111),(135,110,1,111),(135,111,1,111),(135,114,1,111),(135,118,1,111),(135,118,2,111),(135,120,1,111),(135,121,1,111),(135,121,2,111),(135,122,1,111),(135,123,1,111),(135,127,1,111),(135,128,1,111),(135,128,2,111),(135,128,3,111),(135,129,1,111),(135,136,1,111),(135,140,1,111),(135,141,1,111),(135,141,2,111),(135,143,1,111),(135,145,1,111),(135,145,2,111),(135,147,1,111),(135,147,2,111),(135,149,1,111),(135,150,1,111),(135,153,1,111),(135,156,1,111),(135,160,1,111),(135,163,1,111),(135,165,1,111),(135,166,1,111),(135,166,2,111),(135,174,1,111),(135,178,1,111),(135,180,1,111),(135,184,1,111),(135,184,2,111),(135,184,3,111),(135,187,1,111),(135,195,1,111),(135,200,1,111),(135,203,1,111),(135,204,1,111),(135,205,1,111),(135,207,1,111),(135,210,1,111),(135,218,1,111),(135,218,2,111),(135,219,1,111),(135,224,1,111),(135,228,1,111),(135,229,1,111),(135,233,1,111),(135,235,1,111),(135,237,1,111),(135,240,1,111),(135,241,1,111),(135,242,1,111),(135,244,1,111),(135,246,1,111),(135,247,1,111),(135,252,1,111),(135,252,2,111),(135,253,1,111),(135,257,1,111),(135,258,1,111),(135,258,2,111),(135,259,1,111),(135,260,1,111),(135,263,1,111),(135,266,1,111),(135,267,1,111),(135,267,2,111),(135,267,3,111),(135,268,1,111),(135,273,1,111),(135,273,2,111),(135,277,1,111),(135,279,1,111),(135,280,1,111),(135,289,1,111),(135,291,1,111),(135,293,1,111),(135,300,1,111),(135,302,1,111),(135,304,1,111),(135,305,1,111),(135,306,1,111),(135,307,1,111),(135,315,1,111),(135,316,1,111),(135,318,1,111),(135,318,2,111),(135,319,1,111),(135,321,1,111),(135,322,1,111),(135,322,2,111),(135,323,1,111),(135,330,1,111),(135,336,1,111),(135,342,1,111),(135,351,1,111),(135,352,1,111),(135,352,2,111),(135,360,1,111),(135,363,1,111),(135,363,2,111),(135,363,3,111),(135,368,1,111),(135,370,1,111),(135,372,1,111),(135,374,1,111),(135,381,1,111),(141,7,1,111),(141,7,2,111),(141,7,3,111),(141,7,4,111),(141,7,5,222),(141,7,6,111),(141,7,7,111),(141,7,8,111),(141,7,9,111),(141,7,10,111),(141,7,11,222),(141,7,12,111),(141,7,13,111),(141,7,14,111),(141,7,15,111),(141,9,1,111),(141,15,1,111),(141,16,1,222),(141,19,1,111),(141,20,1,111),(141,21,1,111),(141,22,1,111),(141,23,1,111),(141,27,1,111),(141,28,1,111),(141,33,1,111),(141,34,1,111),(141,36,1,111),(141,37,1,111),(141,38,1,111),(141,38,2,111),(141,44,1,111),(141,46,1,111),(141,48,1,111),(141,52,1,111),(141,55,1,111),(141,59,1,111),(141,62,1,111),(141,62,2,111),(141,64,1,111),(141,65,1,111),(141,69,1,111),(141,69,2,111),(141,77,1,111),(141,78,1,111),(141,78,2,111),(141,79,1,111),(141,80,1,111),(141,82,1,111),(141,83,1,111),(141,84,1,111),(141,84,2,111),(141,85,1,111),(141,90,1,111),(141,94,1,111),(141,95,1,111),(141,95,2,111),(141,96,1,111),(141,97,1,111),(141,101,1,111),(141,108,1,111),(141,108,2,111),(141,114,1,111),(141,118,1,111),(141,119,1,111),(141,119,2,111),(141,123,1,111),(141,127,1,111),(141,131,1,111),(141,134,1,111),(141,139,1,111),(141,142,1,111),(141,144,1,111),(141,147,1,111),(141,148,1,111),(141,148,2,111),(141,151,1,111),(141,153,1,111),(141,154,1,111),(141,157,1,111),(141,158,1,111),(141,160,1,111),(141,162,1,111),(141,163,1,111),(141,166,1,111),(141,168,1,111),(141,171,1,111),(141,171,2,111),(141,175,1,111),(141,176,1,111),(141,177,1,111),(141,182,1,111),(141,191,1,111),(141,193,1,111),(141,193,2,111),(141,198,1,111),(141,202,1,111),(141,207,1,111),(141,207,2,111),(141,211,1,111),(141,212,1,111),(141,218,1,111),(141,219,1,111),(141,222,1,111),(141,223,1,111),(141,223,2,111),(141,227,1,111),(141,230,1,111),(141,238,1,111),(141,241,1,111),(141,242,1,111),(141,244,1,111),(141,251,1,111),(141,261,1,111),(141,265,1,111),(141,269,1,111),(141,270,1,111),(141,274,1,111),(141,279,1,111),(141,282,1,111),(141,285,1,111),(141,287,1,111),(141,288,1,111),(141,288,2,111),(141,289,1,111),(141,300,1,111),(141,300,2,111),(141,306,1,111),(141,307,1,111),(141,310,1,111),(141,311,1,111),(141,313,1,111),(141,314,1,111),(141,316,1,111),(141,319,1,111),(141,320,1,111),(141,321,1,111),(141,321,2,111),(141,329,1,111),(141,331,1,111),(141,332,1,111),(141,333,1,111),(141,334,1,111),(141,337,1,111),(141,337,2,111),(141,338,1,111),(141,343,1,111),(141,344,1,111),(141,346,1,111),(141,347,1,111),(141,350,1,111),(141,352,1,111),(141,356,1,111),(141,358,1,111),(141,360,1,111),(141,360,2,111),(141,360,3,111),(141,362,1,111),(141,370,1,111),(141,373,1,111),(141,373,2,111),(141,373,3,111),(141,374,1,111),(141,374,2,111),(141,375,1,111),(141,379,1,111),(141,381,1,111),(142,11,1,111),(142,13,1,111),(142,15,1,111),(142,21,1,111),(142,21,2,111),(142,21,3,111),(142,22,1,111),(142,24,1,111),(142,25,1,111),(142,25,2,111),(142,33,1,111),(142,35,1,111),(142,37,1,111),(142,43,1,111),(142,45,1,111),(142,45,2,111),(142,48,1,111),(142,52,1,111),(142,54,1,111),(142,56,1,111),(142,57,1,111),(142,60,1,111),(142,66,1,111),(142,68,1,111),(142,72,1,111),(142,74,1,111),(142,75,1,111),(142,78,1,111),(142,79,1,111),(142,79,2,111),(142,82,1,111),(142,82,2,111),(142,84,1,111),(142,91,1,111),(142,92,1,111),(142,94,1,111),(142,95,1,111),(142,98,1,111),(142,98,2,111),(142,104,1,111),(142,105,1,111),(142,106,1,111),(142,107,1,111),(142,109,1,111),(142,109,2,111),(142,110,1,111),(142,112,1,111),(142,113,1,111),(142,115,1,111),(142,115,2,111),(142,116,1,111),(142,120,1,111),(142,121,1,111),(142,123,1,111),(142,124,1,111),(142,129,1,111),(142,136,1,111),(142,138,1,111),(142,140,1,111),(142,141,1,111),(142,146,1,111),(142,149,1,111),(142,149,2,111),(142,156,1,111),(142,157,1,111),(142,157,2,111),(142,159,1,111),(142,162,1,111),(142,162,2,111),(142,168,1,111),(142,172,1,111),(142,175,1,111),(142,180,1,111),(142,182,1,111),(142,184,1,111),(142,184,2,111),(142,186,1,111),(142,191,1,111),(142,192,1,111),(142,196,1,111),(142,198,1,111),(142,210,1,111),(142,210,2,111),(142,214,1,111),(142,214,2,111),(142,215,1,111),(142,222,1,111),(142,224,1,111),(142,227,1,111),(142,231,1,111),(142,231,2,111),(142,232,1,111),(142,234,1,111),(142,235,1,111),(142,239,1,111),(142,242,1,111),(142,242,2,111),(142,242,3,111),(142,247,1,111),(142,250,1,111),(142,252,1,111),(142,253,1,111),(142,254,1,111),(142,255,1,111),(142,260,1,111),(142,264,1,111),(142,268,1,111),(142,268,2,111),(142,272,1,111),(142,280,1,111),(142,282,1,111),(142,286,1,111),(142,293,1,111),(142,295,1,111),(142,296,1,111),(142,296,2,111),(142,299,1,111),(142,300,1,111),(142,301,1,111),(142,302,1,111),(142,304,1,111),(142,316,1,111),(142,316,2,111),(142,318,1,111),(142,320,1,111),(142,320,2,111),(142,322,1,111),(142,322,2,111),(142,326,1,111),(142,329,1,111),(142,330,1,111),(142,335,1,111),(142,336,1,111),(142,338,1,111),(142,340,1,111),(142,345,1,111),(142,345,2,111),(142,351,1,111),(142,362,1,111),(142,362,2,111),(142,365,1,111),(142,365,2,111),(142,365,3,111),(142,369,1,111),(142,370,1,111),(142,370,2,111),(142,373,1,111),(142,375,1,111),(142,381,1,111),(161,6,1,111),(161,9,1,111),(161,11,1,111),(161,16,1,111),(161,17,1,111),(161,23,1,111),(161,26,1,111),(161,28,1,111),(161,30,1,111),(161,31,1,111),(161,33,1,111),(161,36,1,111),(161,40,1,111),(161,41,1,111),(161,45,1,111),(161,48,1,111),(161,56,1,111),(161,57,1,111),(161,58,1,111),(161,62,1,111),(161,62,2,111),(161,68,1,111),(161,69,1,111),(161,71,1,111),(161,72,1,111),(161,72,2,111),(161,78,1,111),(161,79,1,111),(161,79,2,111),(161,81,1,111),(161,87,1,111),(161,88,1,111),(161,90,1,111),(161,90,2,111),(161,95,1,111),(161,98,1,111),(161,103,1,111),(161,104,1,111),(161,104,2,111),(161,105,1,111),(161,105,2,111),(161,105,3,111),(161,106,1,111),(161,108,1,111),(161,108,2,111),(161,115,1,111),(161,118,1,111),(161,119,1,111),(161,122,1,111),(161,124,1,111),(161,126,1,111),(161,128,1,111),(161,129,1,111),(161,134,1,111),(161,135,1,111),(161,136,1,111),(161,136,2,111),(161,143,1,111),(161,149,1,111),(161,152,1,111),(161,153,1,111),(161,154,1,111),(161,154,2,111),(161,154,3,111),(161,156,1,111),(161,156,2,111),(161,156,3,111),(161,158,1,111),(161,159,1,111),(161,159,2,111),(161,160,1,111),(161,163,1,111),(161,164,1,111),(161,165,1,111),(161,166,1,111),(161,168,1,111),(161,174,1,111),(161,176,1,111),(161,178,1,111),(161,178,2,111),(161,188,1,111),(161,190,1,111),(161,195,1,111),(161,195,2,111),(161,197,1,111),(161,202,1,111),(161,204,1,111),(161,212,1,111),(161,215,1,111),(161,215,2,111),(161,218,1,111),(161,219,1,111),(161,220,1,111),(161,221,1,111),(161,221,2,111),(161,223,1,111),(161,226,1,111),(161,226,2,111),(161,227,1,111),(161,227,2,111),(161,228,1,111),(161,228,2,111),(161,230,1,111),(161,233,1,111),(161,235,1,111),(161,236,1,111),(161,245,1,111),(161,246,1,111),(161,248,1,111),(161,248,2,111),(161,250,1,111),(161,252,1,111),(161,256,1,111),(161,258,1,111),(161,260,1,111),(161,260,2,111),(161,262,1,111),(161,264,1,111),(161,264,2,111),(161,267,1,111),(161,270,1,111),(161,271,1,111),(161,275,1,111),(161,276,1,111),(161,278,1,111),(161,281,1,111),(161,283,1,111),(161,284,1,111),(161,284,2,111),(161,285,1,111),(161,288,1,111),(161,288,2,111),(161,291,1,111),(161,292,1,111),(161,293,1,111),(161,298,1,111),(161,301,1,111),(161,305,1,111),(161,305,2,111),(161,308,1,111),(161,309,1,111),(161,313,1,111),(161,314,1,111),(161,316,1,111),(161,316,2,111),(161,327,1,111),(161,330,1,111),(161,330,2,111),(161,331,1,111),(161,335,1,111),(161,336,1,111),(161,340,1,111),(161,344,1,111),(161,350,1,111),(161,352,1,111),(161,355,1,111),(161,355,2,111),(161,358,1,111),(161,358,2,111),(161,368,1,111),(161,369,1,111),(161,371,1,111),(161,372,1,111),(161,380,1,111),(161,380,2,111),(161,381,1,111),(161,382,1,111),(170,4,1,111),(170,13,1,111),(170,13,2,111),(170,15,1,111),(170,15,2,111),(170,17,1,111),(170,19,1,111),(170,20,1,111),(170,25,1,111),(170,26,1,111),(170,26,2,111),(170,33,1,111),(170,39,1,111),(170,42,1,111),(170,42,2,111),(170,42,3,111),(170,47,1,111),(170,49,1,111),(170,50,1,111),(170,55,1,111),(170,56,1,111),(170,60,1,111),(170,64,1,111),(170,64,2,111),(170,66,1,111),(170,74,1,111),(170,75,1,111),(170,76,1,111),(170,76,2,111),(170,81,1,111),(170,84,1,111),(170,88,1,111),(170,89,1,111),(170,92,1,111),(170,95,1,111),(170,102,1,111),(170,103,1,111),(170,116,1,111),(170,117,1,111),(170,124,1,111),(170,124,2,111),(170,125,1,111),(170,126,1,111),(170,128,1,111),(170,131,1,111),(170,134,1,111),(170,135,1,111),(170,141,1,111),(170,149,1,111),(170,154,1,111),(170,156,1,111),(170,158,1,111),(170,161,1,111),(170,162,1,111),(170,164,1,111),(170,167,1,111),(170,168,1,111),(170,168,2,111),(170,169,1,111),(170,170,1,111),(170,173,1,111),(170,173,2,111),(170,178,1,111),(170,187,1,111),(170,190,1,111),(170,191,1,111),(170,193,1,111),(170,194,1,111),(170,195,1,111),(170,197,1,111),(170,198,1,111),(170,206,1,111),(170,208,1,111),(170,208,2,111),(170,211,1,111),(170,212,1,111),(170,214,1,111),(170,215,1,111),(170,215,2,111),(170,220,1,111),(170,221,1,111),(170,222,1,111),(170,227,1,111),(170,227,2,111),(170,230,1,111),(170,233,1,111),(170,233,2,111),(170,234,1,111),(170,234,2,111),(170,234,3,111),(170,238,1,111),(170,238,2,111),(170,239,1,111),(170,244,1,111),(170,245,1,111),(170,245,2,111),(170,246,1,111),(170,246,2,111),(170,248,1,111),(170,248,2,111),(170,249,1,111),(170,253,1,111),(170,253,2,111),(170,254,1,111),(170,254,2,111),(170,257,1,111),(170,257,2,111),(170,257,3,111),(170,257,4,111),(170,259,1,111),(170,267,1,111),(170,270,1,111),(170,271,1,111),(170,273,1,111),(170,273,2,111),(170,274,1,111),(170,280,1,111),(170,281,1,111),(170,285,1,111),(170,289,1,111),(170,291,1,111),(170,294,1,111),(170,296,1,111),(170,301,1,111),(170,306,1,111),(170,306,2,111),(170,306,3,111),(170,307,1,111),(170,308,1,111),(170,311,1,111),(170,313,1,111),(170,313,2,111),(170,314,1,111),(170,314,2,111),(170,316,1,111),(170,320,1,111),(170,323,1,111),(170,325,1,111),(170,327,1,111),(170,328,1,111),(170,328,2,111),(170,330,1,111),(170,343,1,111),(170,347,1,111),(170,347,2,111),(170,348,1,111),(170,353,1,111),(170,354,1,111),(170,356,1,111),(170,358,1,111),(170,359,1,111),(170,359,2,111),(170,364,1,111),(170,365,1,111),(170,369,1,111),(170,373,1,111),(170,373,2,111),(170,375,1,111),(170,375,2,111),(170,380,1,111),(170,380,2,111),(172,4,1,111),(172,4,2,111),(172,4,3,111),(172,9,1,111),(172,11,1,111),(172,15,1,111),(172,16,1,111),(172,17,1,111),(172,18,1,111),(172,18,2,111),(172,19,1,111),(172,23,1,111),(172,24,1,111),(172,29,1,111),(172,32,1,111),(172,38,1,111),(172,43,1,111),(172,48,1,111),(172,53,1,111),(172,54,1,111),(172,54,2,111),(172,55,1,111),(172,57,1,111),(172,57,2,111),(172,59,1,111),(172,69,1,111),(172,72,1,111),(172,75,1,111),(172,83,1,111),(172,90,1,111),(172,94,1,111),(172,95,1,111),(172,99,1,111),(172,100,1,111),(172,100,2,111),(172,103,1,111),(172,103,2,111),(172,104,1,111),(172,105,1,111),(172,107,1,111),(172,114,1,111),(172,115,1,111),(172,118,1,111),(172,121,1,111),(172,122,1,111),(172,123,1,111),(172,125,1,111),(172,125,2,111),(172,128,1,111),(172,129,1,111),(172,150,1,111),(172,153,1,111),(172,156,1,111),(172,163,1,111),(172,168,1,111),(172,170,1,111),(172,170,2,111),(172,179,1,111),(172,180,1,111),(172,184,1,111),(172,184,2,111),(172,185,1,111),(172,193,1,111),(172,202,1,111),(172,203,1,111),(172,207,1,111),(172,215,1,111),(172,219,1,111),(172,219,2,111),(172,219,3,111),(172,222,1,111),(172,224,1,111),(172,225,1,111),(172,227,1,111),(172,228,1,111),(172,231,1,111),(172,231,2,111),(172,231,3,111),(172,236,1,111),(172,240,1,111),(172,241,1,111),(172,247,1,111),(172,252,1,111),(172,254,1,111),(172,256,1,111),(172,257,1,111),(172,260,1,111),(172,260,2,111),(172,264,1,111),(172,266,1,111),(172,273,1,111),(172,276,1,111),(172,279,1,111),(172,282,1,111),(172,284,1,111),(172,284,2,111),(172,288,1,111),(172,289,1,111),(172,293,1,111),(172,293,2,111),(172,294,1,111),(172,295,1,111),(172,297,1,111),(172,298,1,111),(172,298,2,111),(172,302,1,111),(172,305,1,111),(172,305,2,111),(172,305,3,111),(172,307,1,111),(172,309,1,111),(172,310,1,111),(172,316,1,111),(172,324,1,111),(172,325,1,111),(172,327,1,111),(172,334,1,111),(172,334,2,111),(172,334,3,111),(172,337,1,111),(172,339,1,111),(172,344,1,111),(172,348,1,111),(172,349,1,111),(172,350,1,111),(172,352,1,111),(172,352,2,111),(172,357,1,111),(172,362,1,111),(172,364,1,111),(172,365,1,111),(172,367,1,111),(172,368,1,111),(172,368,2,111),(172,369,1,111),(172,373,1,111),(172,375,1,111),(172,382,1,111),(177,2,1,111),(177,4,1,111),(177,6,1,111),(177,6,2,111),(177,10,1,111),(177,10,2,111),(177,11,1,111),(177,13,1,111),(177,14,1,111),(177,16,1,111),(177,17,1,111),(177,18,1,111),(177,19,1,111),(177,22,1,111),(177,27,1,111),(177,28,1,111),(177,28,2,111),(177,29,1,111),(177,30,1,111),(177,30,2,111),(177,32,1,111),(177,33,1,111),(177,35,1,111),(177,35,2,111),(177,38,1,111),(177,44,1,111),(177,44,2,111),(177,46,1,111),(177,47,1,111),(177,48,1,111),(177,51,1,111),(177,51,2,111),(177,55,1,111),(177,55,2,111),(177,60,1,111),(177,65,1,111),(177,66,1,111),(177,67,1,222),(177,69,1,111),(177,73,1,111),(177,73,2,111),(177,78,1,111),(177,78,2,111),(177,79,1,111),(177,83,1,111),(177,83,2,111),(177,90,1,111),(177,91,1,111),(177,91,2,111),(177,94,1,111),(177,95,1,111),(177,97,1,111),(177,99,1,111),(177,100,1,111),(177,107,1,111),(177,107,2,111),(177,110,1,111),(177,110,2,111),(177,115,1,111),(177,118,1,111),(177,120,1,111),(177,120,2,111),(177,124,1,111),(177,127,1,111),(177,129,1,111),(177,134,1,111),(177,135,1,111),(177,138,1,111),(177,139,1,111),(177,140,1,111),(177,142,1,111),(177,142,2,111),(177,145,1,111),(177,146,1,111),(177,147,1,111),(177,148,1,111),(177,153,1,111),(177,157,1,111),(177,159,1,111),(177,167,1,111),(177,170,1,111),(177,178,1,111),(177,181,1,111),(177,181,2,111),(177,182,1,111),(177,183,1,111),(177,184,1,111),(177,185,1,111),(177,194,1,111),(177,195,1,111),(177,198,1,111),(177,199,1,111),(177,200,1,111),(177,202,1,111),(177,204,1,111),(177,205,1,111),(177,207,1,111),(177,208,1,111),(177,208,2,111),(177,212,1,111),(177,213,1,111),(177,218,1,111),(177,220,1,111),(177,221,1,111),(177,227,1,111),(177,231,1,111),(177,231,2,111),(177,233,1,111),(177,242,1,111),(177,242,2,111),(177,243,1,111),(177,243,2,111),(177,244,1,111),(177,246,1,111),(177,251,1,111),(177,256,1,111),(177,260,1,111),(177,262,1,111),(177,268,1,111),(177,272,1,111),(177,273,1,111),(177,274,1,111),(177,274,2,111),(177,274,3,111),(177,277,1,111),(177,279,1,111),(177,280,1,111),(177,280,2,111),(177,281,1,111),(177,285,1,111),(177,287,1,111),(177,289,1,111),(177,291,1,111),(177,298,1,111),(177,299,1,111),(177,303,1,111),(177,304,1,111),(177,305,1,111),(177,308,1,111),(177,309,1,111),(177,312,1,111),(177,317,1,111),(177,317,2,111),(177,319,1,111),(177,320,1,111),(177,321,1,111),(177,325,1,111),(177,325,2,111),(177,332,1,111),(177,334,1,111),(177,339,1,111),(177,341,1,111),(177,345,1,111),(177,351,1,111),(177,351,2,111),(177,352,1,111),(177,354,1,111),(177,355,1,111),(177,355,2,111),(177,355,3,111),(177,357,1,111),(177,358,1,111),(177,373,1,111),(177,373,2,111),(177,374,1,111),(178,1,1,111),(178,2,1,111),(178,2,2,111),(178,3,1,111),(178,4,1,222),(178,5,1,111),(178,8,1,111),(178,9,1,111),(178,16,1,111),(178,17,1,111),(178,18,1,111),(178,20,1,111),(178,21,1,111),(178,21,2,111),(178,22,1,111),(178,27,1,111),(178,32,1,111),(178,35,1,111),(178,37,1,111),(178,40,1,111),(178,41,1,111),(178,41,2,111),(178,42,1,111),(178,43,1,111),(178,46,1,111),(178,46,2,111),(178,47,1,111),(178,48,1,111),(178,51,1,111),(178,52,1,111),(178,55,1,111),(178,57,1,111),(178,57,2,111),(178,57,3,111),(178,59,1,111),(178,60,1,111),(178,61,1,111),(178,62,1,111),(178,63,1,111),(178,64,1,111),(178,65,1,111),(178,73,1,111),(178,75,1,111),(178,76,1,111),(178,79,1,111),(178,79,2,111),(178,79,3,111),(178,81,1,111),(178,82,1,111),(178,83,1,111),(178,87,1,111),(178,87,2,111),(178,91,1,111),(178,96,1,111),(178,96,2,111),(178,99,1,111),(178,99,2,111),(178,100,1,111),(178,102,1,111),(178,102,2,111),(178,103,1,111),(178,104,1,111),(178,104,2,111),(178,107,1,111),(178,108,1,111),(178,112,1,111),(178,114,1,111),(178,115,1,111),(178,122,1,111),(178,122,2,111),(178,131,1,111),(178,134,1,111),(178,136,1,111),(178,139,1,111),(178,140,1,111),(178,140,2,111),(178,144,1,111),(178,146,1,111),(178,147,1,111),(178,151,1,111),(178,152,1,111),(178,158,1,111),(178,158,2,111),(178,162,1,111),(178,162,2,111),(178,162,3,111),(178,164,1,111),(178,169,1,111),(178,173,1,111),(178,174,1,111),(178,176,1,111),(178,182,1,111),(178,189,1,111),(178,198,1,111),(178,201,1,111),(178,205,1,111),(178,206,1,111),(178,207,1,111),(178,209,1,111),(178,212,1,111),(178,213,1,111),(178,220,1,111),(178,226,1,111),(178,227,1,111),(178,233,1,111),(178,237,1,111),(178,238,1,111),(178,238,2,111),(178,244,1,111),(178,246,1,111),(178,248,1,111),(178,249,1,111),(178,252,1,111),(178,253,1,111),(178,255,1,111),(178,258,1,111),(178,261,1,111),(178,264,1,111),(178,267,1,111),(178,269,1,111),(178,275,1,111),(178,276,1,111),(178,276,2,111),(178,281,1,111),(178,282,1,111),(178,283,1,111),(178,283,2,111),(178,285,1,111),(178,300,1,111),(178,301,1,111),(178,301,2,111),(178,304,1,111),(178,306,1,111),(178,307,1,111),(178,316,1,111),(178,318,1,111),(178,322,1,111),(178,322,2,111),(178,325,1,111),(178,327,1,111),(178,332,1,111),(178,333,1,111),(178,335,1,111),(178,339,1,111),(178,339,2,111),(178,341,1,111),(178,343,1,111),(178,344,1,111),(178,345,1,111),(178,352,1,111),(178,352,2,111),(178,353,1,111),(178,355,1,111),(178,356,1,111),(178,363,1,111),(178,364,1,111),(178,368,1,111),(178,376,1,111),(178,381,1,111),(178,381,2,111),(178,382,1,111),(179,9,1,111),(179,9,2,111),(179,12,1,111),(179,13,1,111),(179,14,1,111),(179,16,1,111),(179,19,1,111),(179,19,2,111),(179,20,1,111),(179,21,1,111),(179,22,1,111),(179,23,1,111),(179,33,1,111),(179,44,1,111),(179,45,1,111),(179,47,1,111),(179,54,1,111),(179,55,1,111),(179,56,1,111),(179,60,1,111),(179,61,1,111),(179,62,1,111),(179,66,1,111),(179,66,2,111),(179,71,1,111),(179,75,1,111),(179,77,1,111),(179,78,1,111),(179,81,1,111),(179,88,1,111),(179,89,1,111),(179,89,2,111),(179,91,1,111),(179,92,1,111),(179,96,1,111),(179,97,1,111),(179,100,1,111),(179,104,1,111),(179,110,1,111),(179,111,1,111),(179,118,1,111),(179,118,2,111),(179,120,1,111),(179,121,1,111),(179,121,2,111),(179,122,1,111),(179,124,1,111),(179,129,1,111),(179,132,1,111),(179,136,1,111),(179,137,1,111),(179,139,1,111),(179,144,1,111),(179,144,2,111),(179,146,1,111),(179,147,1,111),(179,154,1,111),(179,155,1,111),(179,159,1,111),(179,159,2,111),(179,160,1,111),(179,161,1,111),(179,164,1,111),(179,167,1,111),(179,171,1,111),(179,173,1,111),(179,182,1,111),(179,182,2,111),(179,184,1,111),(179,186,1,111),(179,191,1,111),(179,197,1,111),(179,199,1,111),(179,200,1,111),(179,201,1,111),(179,202,1,111),(179,205,1,111),(179,211,1,111),(179,214,1,111),(179,215,1,111),(179,217,1,111),(179,221,1,111),(179,222,1,111),(179,223,1,111),(179,225,1,111),(179,229,1,111),(179,234,1,111),(179,236,1,111),(179,239,1,111),(179,240,1,111),(179,245,1,111),(179,247,1,111),(179,247,2,111),(179,249,1,111),(179,252,1,111),(179,254,1,111),(179,254,2,111),(179,254,3,111),(179,254,4,111),(179,255,1,111),(179,269,1,111),(179,270,1,111),(179,272,1,111),(179,275,1,111),(179,276,1,111),(179,279,1,111),(179,281,1,111),(179,283,1,111),(179,296,1,111),(179,298,1,111),(179,299,1,111),(179,301,1,111),(179,303,1,111),(179,304,1,111),(179,310,1,111),(179,311,1,111),(179,311,2,111),(179,312,1,111),(179,315,1,111),(179,315,2,111),(179,325,1,111),(179,325,2,111),(179,331,1,111),(179,333,1,111),(179,334,1,111),(179,335,1,111),(179,336,1,111),(179,337,1,111),(179,337,2,111),(179,337,3,111),(179,343,1,111),(179,344,1,111),(179,346,1,111),(179,347,1,111),(179,347,2,111),(179,357,1,111),(179,360,1,111),(179,363,1,111),(179,367,1,111),(179,369,1,111),(179,370,1,111),(179,371,1,111),(179,373,1,111),(179,375,1,111),(179,376,1,111),(179,378,1,111),(179,378,2,111),(179,379,1,111),(179,379,2,111),(179,380,1,111),(180,1,1,111),(180,3,1,111),(180,4,1,111),(180,9,1,111),(180,11,1,111),(180,14,1,111),(180,18,1,111),(180,18,2,111),(180,19,1,111),(180,19,2,111),(180,20,1,111),(180,21,1,111),(180,23,1,111),(180,23,2,111),(180,26,1,111),(180,26,2,111),(180,30,1,111),(180,31,1,111),(180,31,2,111),(180,32,1,111),(180,33,1,111),(180,35,1,111),(180,35,2,111),(180,37,1,111),(180,40,1,111),(180,40,2,111),(180,41,1,111),(180,43,1,111),(180,44,1,111),(180,47,1,111),(180,47,2,111),(180,47,3,111),(180,48,1,111),(180,48,2,111),(180,53,1,111),(180,54,1,111),(180,59,1,111),(180,59,2,111),(180,61,1,111),(180,63,1,111),(180,65,1,111),(180,65,2,111),(180,65,3,111),(180,67,1,111),(180,71,1,111),(180,73,1,111),(180,81,1,111),(180,86,1,111),(180,87,1,111),(180,88,1,111),(180,91,1,111),(180,92,1,111),(180,95,1,111),(180,96,1,111),(180,97,1,111),(180,97,2,111),(180,98,1,111),(180,99,1,111),(180,100,1,111),(180,107,1,111),(180,108,1,111),(180,110,1,111),(180,113,1,111),(180,115,1,111),(180,116,1,111),(180,117,1,111),(180,118,1,111),(180,118,2,111),(180,118,3,111),(180,119,1,111),(180,121,1,111),(180,125,1,111),(180,127,1,111),(180,128,1,111),(180,129,1,111),(180,130,1,111),(180,144,1,111),(180,146,1,111),(180,149,1,111),(180,155,1,111),(180,157,1,111),(180,158,1,111),(180,159,1,111),(180,162,1,111),(180,163,1,111),(180,166,1,111),(180,168,1,111),(180,168,2,111),(180,169,1,111),(180,169,2,111),(180,172,1,111),(180,173,1,111),(180,179,1,111),(180,180,1,111),(180,181,1,111),(180,184,1,111),(180,186,1,111),(180,186,2,111),(180,190,1,111),(180,191,1,111),(180,192,1,111),(180,192,2,111),(180,194,1,111),(180,195,1,111),(180,199,1,111),(180,201,1,111),(180,202,1,111),(180,202,2,111),(180,203,1,111),(180,206,1,111),(180,207,1,111),(180,209,1,111),(180,215,1,111),(180,219,1,111),(180,220,1,111),(180,228,1,111),(180,229,1,111),(180,229,2,111),(180,231,1,111),(180,232,1,111),(180,234,1,111),(180,237,1,111),(180,239,1,111),(180,249,1,111),(180,249,2,111),(180,249,3,111),(180,257,1,111),(180,260,1,111),(180,260,2,111),(180,261,1,111),(180,261,2,111),(180,265,1,111),(180,266,1,111),(180,268,1,111),(180,271,1,111),(180,273,1,111),(180,279,1,111),(180,280,1,111),(180,285,1,111),(180,290,1,111),(180,293,1,111),(180,294,1,111),(180,294,2,111),(180,294,3,111),(180,296,1,111),(180,296,2,111),(180,300,1,111),(180,306,1,111),(180,308,1,111),(180,311,1,111),(180,312,1,111),(180,313,1,111),(180,317,1,111),(180,318,1,111),(180,323,1,111),(180,328,1,111),(180,331,1,111),(180,331,2,111),(180,334,1,111),(180,341,1,111),(180,342,1,111),(180,344,1,111),(180,347,1,111),(180,347,2,111),(180,351,1,111),(180,354,1,111),(180,356,1,111),(180,358,1,111),(180,360,1,111),(180,364,1,111),(180,365,1,111),(180,370,1,111),(180,373,1,111),(180,374,1,111),(180,376,1,111),(184,3,1,111),(184,6,1,111),(184,7,1,111),(184,10,1,111),(184,13,1,111),(184,14,1,111),(184,14,2,111),(184,17,1,111),(184,17,2,111),(184,17,3,111),(184,19,1,111),(184,21,1,111),(184,22,1,111),(184,26,1,111),(184,28,1,111),(184,29,1,111),(184,29,2,111),(184,34,1,111),(184,34,2,111),(184,39,1,111),(184,39,2,111),(184,42,1,111),(184,43,1,111),(184,50,1,111),(184,50,2,111),(184,56,1,111),(184,57,1,111),(184,58,1,111),(184,60,1,111),(184,62,1,111),(184,63,1,111),(184,66,1,111),(184,69,1,111),(184,73,1,111),(184,74,1,111),(184,79,1,111),(184,79,2,111),(184,80,1,111),(184,81,1,111),(184,83,1,111),(184,83,2,111),(184,87,1,111),(184,88,1,111),(184,92,1,111),(184,95,1,111),(184,106,1,111),(184,107,1,111),(184,114,1,111),(184,114,2,111),(184,115,1,111),(184,115,2,111),(184,115,3,111),(184,115,4,111),(184,116,1,111),(184,116,2,111),(184,119,1,111),(184,121,1,111),(184,122,1,111),(184,130,1,111),(184,131,1,111),(184,132,1,111),(184,132,2,111),(184,137,1,111),(184,138,1,111),(184,138,2,111),(184,139,1,111),(184,144,1,111),(184,148,1,111),(184,152,1,111),(184,155,1,111),(184,161,1,111),(184,165,1,111),(184,165,2,111),(184,165,3,111),(184,166,1,111),(184,166,2,111),(184,167,1,111),(184,167,2,111),(184,174,1,111),(184,176,1,111),(184,176,2,111),(184,179,1,111),(184,179,2,111),(184,185,1,111),(184,185,2,111),(184,187,1,111),(184,188,1,111),(184,190,1,111),(184,193,1,111),(184,194,1,111),(184,199,1,111),(184,204,1,111),(184,205,1,111),(184,207,1,111),(184,210,1,111),(184,211,1,111),(184,211,2,111),(184,214,1,111),(184,217,1,111),(184,218,1,111),(184,218,2,111),(184,220,1,111),(184,222,1,111),(184,223,1,111),(184,228,1,111),(184,234,1,111),(184,243,1,111),(184,245,1,111),(184,247,1,111),(184,248,1,111),(184,253,1,111),(184,262,1,111),(184,263,1,111),(184,272,1,111),(184,273,1,111),(184,273,2,111),(184,276,1,111),(184,279,1,111),(184,280,1,111),(184,280,2,111),(184,284,1,111),(184,286,1,111),(184,286,2,111),(184,287,1,111),(184,288,1,111),(184,288,2,111),(184,291,1,111),(184,291,2,111),(184,294,1,111),(184,295,1,111),(184,297,1,111),(184,300,1,111),(184,300,2,111),(184,313,1,111),(184,319,1,111),(184,322,1,111),(184,324,1,111),(184,329,1,111),(184,349,1,111),(184,351,1,111),(184,352,1,111),(184,354,1,111),(184,357,1,111),(184,357,2,111),(184,360,1,111),(184,362,1,111),(184,362,2,111),(184,362,3,111),(184,363,1,111),(184,364,1,111),(184,368,1,111),(184,369,1,111),(184,371,1,111),(184,371,2,111),(184,373,1,111),(184,374,1,111),(184,376,1,111),(184,377,1,111),(197,1,1,111),(197,2,1,111),(197,2,2,111),(197,6,1,111),(197,12,1,111),(197,14,1,111),(197,18,1,111),(197,22,1,111),(197,25,1,111),(197,28,1,111),(197,31,1,111),(197,31,2,111),(197,34,1,111),(197,41,1,111),(197,45,1,111),(197,51,1,111),(197,51,2,111),(197,53,1,111),(197,55,1,111),(197,57,1,111),(197,58,1,111),(197,61,1,111),(197,62,1,111),(197,69,1,111),(197,74,1,111),(197,79,1,111),(197,79,2,111),(197,81,1,111),(197,82,1,111),(197,86,1,111),(197,88,1,111),(197,93,1,111),(197,94,1,111),(197,94,2,111),(197,94,3,111),(197,95,1,111),(197,99,1,111),(197,107,1,111),(197,108,1,111),(197,109,1,111),(197,111,1,111),(197,116,1,111),(197,123,1,111),(197,125,1,111),(197,126,1,111),(197,141,1,111),(197,143,1,111),(197,144,1,111),(197,146,1,111),(197,146,2,111),(197,148,1,111),(197,149,1,111),(197,151,1,111),(197,153,1,111),(197,155,1,111),(197,159,1,111),(197,179,1,111),(197,180,1,111),(197,185,1,111),(197,187,1,111),(197,191,1,111),(197,192,1,111),(197,197,1,111),(197,198,1,111),(197,202,1,111),(197,203,1,111),(197,205,1,111),(197,212,1,111),(197,214,1,111),(197,214,2,111),(197,226,1,111),(197,227,1,111),(197,227,2,111),(197,232,1,111),(197,235,1,111),(197,235,2,111),(197,241,1,111),(197,243,1,111),(197,243,2,111),(197,244,1,111),(197,247,1,111),(197,248,1,111),(197,253,1,111),(197,262,1,111),(197,268,1,111),(197,270,1,111),(197,271,1,111),(197,273,1,111),(197,274,1,111),(197,275,1,111),(197,277,1,111),(197,277,2,111),(197,281,1,111),(197,282,1,111),(197,292,1,111),(197,293,1,111),(197,293,2,111),(197,297,1,111),(197,299,1,111),(197,305,1,111),(197,307,1,111),(197,311,1,111),(197,313,1,111),(197,315,1,111),(197,316,1,111),(197,320,1,111),(197,322,1,111),(197,331,1,111),(197,338,1,111),(197,339,1,111),(197,340,1,111),(197,344,1,111),(197,344,2,111),(197,350,1,111),(197,356,1,111),(197,356,2,111),(197,356,3,111),(197,358,1,111),(197,358,2,111),(197,360,1,111),(197,360,2,111),(197,361,1,111),(197,361,2,111),(197,372,1,111),(197,375,1,111),(197,376,1,111),(200,1,1,111),(200,1,2,111),(200,1,3,111),(200,1,4,111),(200,4,1,111),(200,5,1,111),(200,7,1,111),(200,11,1,111),(200,12,1,111),(200,17,1,111),(200,19,1,111),(200,20,1,111),(200,21,1,111),(200,21,2,111),(200,23,1,111),(200,28,1,111),(200,37,1,111),(200,42,1,111),(200,42,2,111),(200,43,1,111),(200,44,1,111),(200,48,1,111),(200,48,2,111),(200,49,1,111),(200,55,1,111),(200,56,1,111),(200,58,1,111),(200,60,1,111),(200,62,1,111),(200,65,1,111),(200,65,2,111),(200,65,3,111),(200,71,1,111),(200,71,2,111),(200,72,1,111),(200,75,1,111),(200,77,1,111),(200,78,1,111),(200,81,1,111),(200,81,2,111),(200,84,1,111),(200,90,1,111),(200,91,1,111),(200,91,2,111),(200,97,1,111),(200,100,1,111),(200,101,1,111),(200,103,1,111),(200,103,2,111),(200,105,1,111),(200,110,1,111),(200,113,1,111),(200,114,1,111),(200,115,1,111),(200,116,1,111),(200,116,2,111),(200,117,1,111),(200,119,1,111),(200,120,1,111),(200,121,1,111),(200,123,1,111),(200,127,1,111),(200,128,1,111),(200,131,1,111),(200,132,1,111),(200,135,1,111),(200,139,1,111),(200,140,1,111),(200,141,1,111),(200,142,1,111),(200,142,2,111),(200,145,1,111),(200,154,1,111),(200,155,1,111),(200,163,1,111),(200,163,2,111),(200,166,1,111),(200,167,1,111),(200,167,2,111),(200,175,1,111),(200,176,1,111),(200,178,1,111),(200,180,1,111),(200,181,1,111),(200,182,1,111),(200,184,1,111),(200,185,1,111),(200,185,2,111),(200,186,1,111),(200,190,1,111),(200,192,1,111),(200,194,1,111),(200,194,2,111),(200,194,3,111),(200,198,1,111),(200,198,2,111),(200,198,3,111),(200,205,1,111),(200,211,1,111),(200,211,2,111),(200,214,1,111),(200,215,1,111),(200,219,1,111),(200,222,1,111),(200,226,1,111),(200,234,1,111),(200,242,1,111),(200,244,1,111),(200,249,1,111),(200,250,1,111),(200,252,1,111),(200,253,1,111),(200,254,1,111),(200,260,1,111),(200,262,1,111),(200,263,1,111),(200,265,1,111),(200,270,1,111),(200,272,1,111),(200,274,1,111),(200,276,1,111),(200,276,2,111),(200,277,1,111),(200,278,1,111),(200,278,2,111),(200,279,1,111),(200,282,1,111),(200,282,2,111),(200,284,1,111),(200,291,1,111),(200,291,2,111),(200,293,1,111),(200,297,1,111),(200,298,1,111),(200,299,1,111),(200,300,1,111),(200,303,1,111),(200,304,1,111),(200,306,1,111),(200,311,1,111),(200,312,1,111),(200,313,1,111),(200,315,1,111),(200,315,2,111),(200,316,1,111),(200,317,1,111),(200,317,2,111),(200,322,1,111),(200,324,1,111),(200,325,1,111),(200,327,1,111),(200,327,2,111),(200,328,1,111),(200,331,1,111),(200,332,1,111),(200,342,1,111),(200,343,1,111),(200,346,1,111),(200,346,2,111),(200,351,1,111),(200,354,1,111),(200,356,1,111),(200,357,1,111),(200,360,1,111),(200,360,2,111),(200,361,1,111),(200,365,1,111),(200,365,2,111),(200,368,1,111),(200,370,1,111),(200,370,2,111),(200,371,1,111),(200,372,1,111),(200,375,1,111),(200,377,1,111),(200,379,1,111),(200,380,1,111),(200,381,1,111);
/*!40000 ALTER TABLE `branch_book` ENABLE KEYS */;
UNLOCK TABLES;

--
-- Table structure for table `branch_book_copies`
--

DROP TABLE IF EXISTS `branch_book_copies`;
/*!40101 SET @saved_cs_client     = @@character_set_client */;
/*!40101 SET character_set_client = utf8 */;
CREATE TABLE `branch_book_copies` (
  `libId` int(11) NOT NULL,
  `bookId` int(11) NOT NULL,
  `numCopy` int(11) NOT NULL,
  PRIMARY KEY (`libId`,`bookId`),
  KEY `fk_branch_book_2_1_idx` (`bookId`),
  CONSTRAINT `fk_branch_book_2_1` FOREIGN KEY (`bookId`) REFERENCES `book` (`bookId`) ON DELETE CASCADE ON UPDATE CASCADE,
  CONSTRAINT `fk_branch_book_2_2` FOREIGN KEY (`libId`) REFERENCES `branch` (`libId`) ON DELETE CASCADE ON UPDATE CASCADE
) ENGINE=InnoDB DEFAULT CHARSET=latin1;
/*!40101 SET character_set_client = @saved_cs_client */;

--
-- Dumping data for table `branch_book_copies`
--

LOCK TABLES `branch_book_copies` WRITE;
/*!40000 ALTER TABLE `branch_book_copies` DISABLE KEYS */;
INSERT INTO `branch_book_copies` VALUES (5,1,1),(5,6,1),(5,13,1),(5,20,2),(5,22,2),(5,24,1),(5,25,1),(5,28,1),(5,30,2),(5,41,1),(5,42,1),(5,47,1),(5,48,2),(5,51,1),(5,54,1),(5,60,2),(5,62,1),(5,64,1),(5,70,1),(5,71,2),(5,73,1),(5,80,1),(5,83,1),(5,86,2),(5,87,2),(5,89,1),(5,90,1),(5,96,1),(5,97,1),(5,98,1),(5,101,2),(5,106,1),(5,108,1),(5,113,2),(5,120,1),(5,124,2),(5,125,1),(5,132,1),(5,136,1),(5,139,1),(5,141,1),(5,144,1),(5,145,1),(5,152,1),(5,154,1),(5,156,1),(5,161,1),(5,167,1),(5,168,2),(5,170,1),(5,171,1),(5,177,1),(5,178,1),(5,179,1),(5,185,1),(5,187,2),(5,189,1),(5,192,1),(5,193,1),(5,202,2),(5,204,1),(5,208,1),(5,212,1),(5,213,1),(5,215,1),(5,221,1),(5,225,1),(5,227,1),(5,228,1),(5,230,1),(5,233,1),(5,239,1),(5,242,1),(5,243,1),(5,248,2),(5,250,2),(5,254,1),(5,256,1),(5,257,1),(5,258,1),(5,261,1),(5,264,2),(5,266,1),(5,268,2),(5,272,1),(5,273,1),(5,274,2),(5,279,2),(5,280,1),(5,284,1),(5,290,1),(5,291,1),(5,292,1),(5,294,1),(5,295,1),(5,297,1),(5,299,1),(5,300,1),(5,305,1),(5,306,1),(5,309,1),(5,316,1),(5,326,1),(5,329,1),(5,331,2),(5,334,1),(5,336,2),(5,338,1),(5,341,1),(5,342,1),(5,343,1),(5,344,2),(5,346,1),(5,351,1),(5,356,2),(5,357,1),(5,358,1),(5,363,1),(5,373,1),(5,374,1),(5,377,1),(5,379,1),(5,380,1),(17,1,1),(17,3,2),(17,8,1),(17,9,3),(17,11,1),(17,19,6),(17,20,1),(17,24,1),(17,26,1),(17,32,1),(17,33,1),(17,39,1),(17,41,1),(17,44,2),(17,45,1),(17,49,1),(17,50,1),(17,51,1),(17,54,1),(17,62,1),(17,63,1),(17,67,1),(17,68,1),(17,69,1),(17,70,1),(17,72,1),(17,76,1),(17,77,1),(17,78,2),(17,79,1),(17,80,1),(17,88,1),(17,96,1),(17,97,1),(17,98,1),(17,99,1),(17,103,5),(17,106,2),(17,107,1),(17,109,2),(17,112,3),(17,113,2),(17,116,1),(17,119,1),(17,123,1),(17,130,1),(17,135,1),(17,137,2),(17,140,3),(17,141,1),(17,142,1),(17,145,1),(17,148,2),(17,149,1),(17,150,1),(17,154,1),(17,155,1),(17,157,1),(17,161,1),(17,166,1),(17,169,1),(17,177,2),(17,180,1),(17,194,1),(17,195,1),(17,196,1),(17,197,1),(17,198,1),(17,200,2),(17,201,2),(17,202,1),(17,211,1),(17,212,1),(17,214,2),(17,218,1),(17,220,1),(17,222,1),(17,223,1),(17,225,1),(17,232,1),(17,234,3),(17,235,1),(17,238,1),(17,245,2),(17,248,1),(17,250,2),(17,257,1),(17,260,2),(17,263,1),(17,265,1),(17,266,2),(17,267,1),(17,269,1),(17,273,1),(17,274,1),(17,275,1),(17,278,2),(17,281,1),(17,283,1),(17,284,2),(17,287,1),(17,289,2),(17,290,1),(17,294,1),(17,295,1),(17,298,1),(17,308,1),(17,309,1),(17,311,1),(17,315,1),(17,318,1),(17,319,1),(17,332,1),(17,336,1),(17,337,1),(17,341,1),(17,342,1),(17,345,1),(17,347,2),(17,350,1),(17,351,2),(17,354,1),(17,355,2),(17,357,1),(17,358,2),(17,360,1),(17,361,1),(17,367,1),(17,368,1),(17,370,1),(17,371,1),(17,373,2),(17,374,1),(17,377,1),(17,382,1),(18,1,2),(18,2,1),(18,4,2),(18,6,1),(18,7,1),(18,8,1),(18,10,1),(18,11,1),(18,15,1),(18,19,1),(18,20,2),(18,24,2),(18,25,2),(18,28,1),(18,30,2),(18,31,1),(18,32,1),(18,37,1),(18,42,2),(18,49,1),(18,54,2),(18,56,1),(18,57,1),(18,58,2),(18,68,1),(18,71,2),(18,72,1),(18,73,1),(18,81,3),(18,87,2),(18,89,2),(18,91,1),(18,94,1),(18,96,1),(18,100,2),(18,102,1),(18,103,1),(18,104,2),(18,106,1),(18,112,1),(18,117,1),(18,118,1),(18,121,1),(18,123,1),(18,127,1),(18,129,1),(18,132,1),(18,133,1),(18,135,2),(18,136,1),(18,139,1),(18,140,1),(18,146,1),(18,147,2),(18,148,1),(18,150,1),(18,153,2),(18,154,2),(18,158,1),(18,164,1),(18,168,1),(18,170,1),(18,180,1),(18,183,1),(18,185,1),(18,186,1),(18,187,2),(18,190,1),(18,194,1),(18,195,1),(18,200,1),(18,204,1),(18,208,1),(18,210,1),(18,216,3),(18,217,1),(18,219,1),(18,221,1),(18,228,1),(18,235,1),(18,242,1),(18,243,1),(18,244,1),(18,245,2),(18,247,1),(18,248,2),(18,252,1),(18,255,1),(18,257,1),(18,261,1),(18,269,1),(18,271,3),(18,278,1),(18,282,1),(18,285,1),(18,297,1),(18,299,1),(18,307,1),(18,310,1),(18,313,2),(18,317,1),(18,319,1),(18,325,1),(18,327,1),(18,330,1),(18,333,1),(18,334,1),(18,336,1),(18,337,2),(18,338,1),(18,342,1),(18,344,1),(18,347,1),(18,352,1),(18,353,2),(18,358,1),(18,360,1),(18,363,1),(18,365,1),(18,366,1),(18,369,1),(18,370,1),(18,373,3),(18,375,1),(18,382,1),(22,8,1),(22,11,1),(22,15,1),(22,20,1),(22,21,1),(22,24,1),(22,26,1),(22,30,1),(22,34,1),(22,35,1),(22,41,1),(22,45,2),(22,47,2),(22,48,1),(22,49,1),(22,56,1),(22,60,1),(22,66,1),(22,67,2),(22,69,1),(22,73,2),(22,83,1),(22,91,1),(22,92,1),(22,94,1),(22,95,1),(22,99,1),(22,101,1),(22,102,1),(22,107,1),(22,109,1),(22,112,1),(22,117,1),(22,119,1),(22,120,3),(22,122,1),(22,123,1),(22,124,1),(22,131,1),(22,132,2),(22,133,1),(22,135,1),(22,136,1),(22,140,1),(22,142,1),(22,147,1),(22,153,1),(22,160,1),(22,165,1),(22,166,1),(22,167,1),(22,171,2),(22,172,1),(22,181,1),(22,189,1),(22,190,1),(22,191,1),(22,193,1),(22,198,1),(22,199,1),(22,200,2),(22,204,1),(22,211,1),(22,213,1),(22,217,1),(22,219,1),(22,221,2),(22,225,1),(22,231,1),(22,236,2),(22,240,1),(22,243,1),(22,246,1),(22,247,1),(22,248,2),(22,251,2),(22,252,2),(22,253,2),(22,256,1),(22,259,1),(22,261,1),(22,265,1),(22,268,1),(22,274,2),(22,276,1),(22,279,1),(22,283,1),(22,285,1),(22,287,1),(22,290,1),(22,292,2),(22,297,1),(22,306,2),(22,307,1),(22,308,1),(22,310,2),(22,313,1),(22,314,1),(22,315,2),(22,316,1),(22,317,1),(22,320,1),(22,321,1),(22,323,1),(22,324,1),(22,328,1),(22,329,1),(22,345,1),(22,349,1),(22,350,1),(22,352,1),(22,358,1),(22,360,2),(22,363,1),(22,364,2),(22,365,1),(22,367,1),(22,370,1),(22,372,2),(22,375,2),(22,376,1),(22,378,1),(22,382,1),(24,2,2),(24,8,2),(24,11,2),(24,13,1),(24,17,1),(24,18,1),(24,35,1),(24,38,1),(24,41,1),(24,46,2),(24,47,1),(24,57,1),(24,58,1),(24,60,1),(24,66,2),(24,69,1),(24,72,1),(24,78,1),(24,80,3),(24,81,1),(24,82,1),(24,85,1),(24,90,1),(24,99,1),(24,102,1),(24,103,1),(24,105,1),(24,108,1),(24,109,2),(24,112,1),(24,113,2),(24,117,1),(24,120,1),(24,134,1),(24,135,1),(24,137,1),(24,147,1),(24,154,2),(24,156,2),(24,160,2),(24,163,1),(24,164,1),(24,165,1),(24,166,2),(24,167,1),(24,169,1),(24,170,1),(24,176,1),(24,180,1),(24,184,1),(24,187,1),(24,191,1),(24,192,1),(24,197,1),(24,202,1),(24,203,1),(24,207,1),(24,213,1),(24,218,1),(24,220,1),(24,221,1),(24,227,1),(24,228,1),(24,232,1),(24,235,2),(24,239,1),(24,242,1),(24,252,1),(24,256,1),(24,264,2),(24,267,1),(24,268,1),(24,272,1),(24,273,1),(24,278,2),(24,280,1),(24,281,2),(24,285,2),(24,286,1),(24,301,2),(24,302,1),(24,305,1),(24,307,1),(24,309,1),(24,316,1),(24,318,1),(24,321,1),(24,323,1),(24,324,2),(24,331,2),(24,332,1),(24,339,1),(24,340,1),(24,345,2),(24,346,1),(24,349,2),(24,352,1),(24,354,2),(24,356,1),(24,360,1),(24,362,1),(24,363,1),(24,366,1),(24,368,1),(24,371,1),(24,372,3),(24,379,1),(26,2,1),(26,5,1),(26,9,1),(26,11,1),(26,17,1),(26,19,2),(26,23,1),(26,29,1),(26,33,1),(26,36,1),(26,37,1),(26,38,1),(26,39,1),(26,48,1),(26,51,1),(26,58,1),(26,59,1),(26,70,2),(26,71,1),(26,72,1),(26,73,1),(26,75,1),(26,81,1),(26,84,1),(26,92,2),(26,94,3),(26,95,1),(26,101,1),(26,103,1),(26,107,1),(26,108,1),(26,112,1),(26,113,1),(26,114,2),(26,116,1),(26,117,1),(26,121,1),(26,122,1),(26,124,1),(26,126,1),(26,133,1),(26,141,1),(26,145,1),(26,146,1),(26,147,1),(26,151,1),(26,152,1),(26,156,1),(26,159,1),(26,162,1),(26,164,1),(26,169,1),(26,173,1),(26,174,1),(26,176,2),(26,177,1),(26,178,1),(26,179,1),(26,181,1),(26,184,1),(26,186,1),(26,187,1),(26,188,2),(26,192,1),(26,194,1),(26,198,1),(26,199,1),(26,201,3),(26,202,1),(26,205,1),(26,211,1),(26,221,1),(26,222,2),(26,225,1),(26,226,1),(26,228,1),(26,230,1),(26,233,1),(26,234,1),(26,236,1),(26,238,1),(26,240,1),(26,242,1),(26,248,1),(26,249,1),(26,252,1),(26,256,1),(26,261,1),(26,262,1),(26,263,1),(26,264,1),(26,269,1),(26,270,1),(26,271,1),(26,277,1),(26,278,1),(26,280,2),(26,283,1),(26,284,1),(26,287,1),(26,289,3),(26,292,1),(26,294,1),(26,298,2),(26,300,1),(26,306,2),(26,307,1),(26,308,2),(26,310,1),(26,311,1),(26,317,2),(26,321,1),(26,322,1),(26,323,1),(26,326,1),(26,327,1),(26,328,1),(26,329,1),(26,334,1),(26,336,1),(26,337,2),(26,349,2),(26,353,1),(26,358,1),(26,365,1),(26,371,3),(26,377,1),(26,379,1),(28,2,1),(28,7,1),(28,9,1),(28,14,1),(28,15,1),(28,17,1),(28,19,1),(28,21,2),(28,24,2),(28,26,1),(28,37,3),(28,42,1),(28,43,1),(28,44,2),(28,47,1),(28,55,1),(28,62,1),(28,65,1),(28,66,1),(28,69,1),(28,71,1),(28,74,1),(28,76,2),(28,78,1),(28,81,1),(28,86,1),(28,87,1),(28,98,2),(28,99,1),(28,101,2),(28,103,1),(28,104,1),(28,105,1),(28,108,1),(28,115,1),(28,124,1),(28,125,1),(28,126,1),(28,132,2),(28,137,1),(28,142,1),(28,149,1),(28,150,2),(28,151,1),(28,152,1),(28,153,1),(28,158,1),(28,160,1),(28,163,1),(28,168,1),(28,170,1),(28,172,1),(28,176,1),(28,177,1),(28,179,2),(28,184,1),(28,185,2),(28,189,1),(28,199,1),(28,206,2),(28,208,1),(28,210,1),(28,211,2),(28,212,1),(28,222,1),(28,224,1),(28,225,1),(28,226,2),(28,227,3),(28,229,2),(28,230,1),(28,233,1),(28,236,1),(28,240,1),(28,242,1),(28,243,1),(28,246,1),(28,253,2),(28,266,2),(28,268,1),(28,269,1),(28,271,1),(28,272,1),(28,279,1),(28,281,1),(28,282,2),(28,283,1),(28,287,1),(28,292,1),(28,293,3),(28,294,1),(28,295,1),(28,309,1),(28,310,1),(28,311,1),(28,314,1),(28,315,1),(28,318,1),(28,319,1),(28,326,1),(28,331,1),(28,335,2),(28,336,1),(28,339,1),(28,340,1),(28,341,1),(28,349,1),(28,350,2),(28,359,1),(28,360,1),(28,369,1),(28,371,1),(28,376,1),(28,378,1),(28,381,1),(30,4,1),(30,7,1),(30,8,1),(30,10,1),(30,13,1),(30,15,1),(30,17,1),(30,18,2),(30,23,1),(30,29,1),(30,31,1),(30,35,1),(30,51,1),(30,52,1),(30,54,1),(30,56,1),(30,57,2),(30,62,1),(30,63,1),(30,64,1),(30,66,1),(30,69,1),(30,72,1),(30,77,1),(30,79,1),(30,96,1),(30,99,2),(30,108,1),(30,111,1),(30,113,1),(30,115,1),(30,116,1),(30,118,1),(30,120,1),(30,122,1),(30,124,3),(30,129,1),(30,132,1),(30,141,1),(30,144,1),(30,151,1),(30,152,1),(30,155,1),(30,156,1),(30,157,1),(30,162,1),(30,164,2),(30,169,1),(30,170,1),(30,172,2),(30,174,1),(30,175,2),(30,176,1),(30,177,1),(30,180,1),(30,188,1),(30,191,1),(30,192,1),(30,202,1),(30,203,1),(30,207,1),(30,209,1),(30,212,1),(30,215,1),(30,217,2),(30,218,1),(30,220,1),(30,224,2),(30,231,2),(30,234,1),(30,235,1),(30,239,2),(30,240,1),(30,245,1),(30,248,2),(30,249,1),(30,254,1),(30,255,2),(30,256,1),(30,257,1),(30,259,2),(30,260,1),(30,261,1),(30,270,1),(30,271,1),(30,272,1),(30,278,1),(30,280,1),(30,282,1),(30,284,2),(30,295,1),(30,296,1),(30,297,1),(30,302,1),(30,305,1),(30,307,2),(30,308,1),(30,313,1),(30,315,1),(30,316,2),(30,323,1),(30,328,1),(30,330,2),(30,332,1),(30,333,1),(30,335,1),(30,336,1),(30,338,1),(30,339,1),(30,340,1),(30,341,1),(30,343,1),(30,348,1),(30,355,1),(30,356,1),(30,357,1),(30,360,2),(30,363,1),(30,364,1),(30,368,1),(30,371,1),(30,376,1),(30,379,1),(30,381,1),(31,1,1),(31,3,1),(31,4,1),(31,7,2),(31,8,1),(31,9,2),(31,10,1),(31,13,1),(31,15,1),(31,17,1),(31,23,1),(31,28,2),(31,30,3),(31,31,1),(31,35,1),(31,37,1),(31,41,2),(31,42,1),(31,46,1),(31,47,1),(31,51,1),(31,52,2),(31,55,1),(31,56,1),(31,57,3),(31,59,1),(31,60,1),(31,63,2),(31,64,1),(31,65,1),(31,69,4),(31,75,1),(31,76,1),(31,82,2),(31,83,1),(31,91,2),(31,94,1),(31,96,1),(31,98,1),(31,99,2),(31,102,1),(31,104,1),(31,110,1),(31,114,1),(31,115,1),(31,116,2),(31,118,1),(31,124,1),(31,128,1),(31,132,1),(31,134,2),(31,135,1),(31,142,1),(31,143,1),(31,145,1),(31,147,1),(31,155,1),(31,157,2),(31,158,1),(31,160,1),(31,165,2),(31,167,1),(31,169,1),(31,172,1),(31,180,1),(31,184,1),(31,187,1),(31,190,1),(31,191,1),(31,194,1),(31,203,1),(31,204,2),(31,207,2),(31,212,1),(31,214,1),(31,222,1),(31,228,1),(31,230,1),(31,232,1),(31,233,1),(31,238,1),(31,239,1),(31,242,1),(31,243,1),(31,246,1),(31,247,1),(31,248,1),(31,252,1),(31,253,1),(31,254,1),(31,255,1),(31,256,1),(31,259,1),(31,260,1),(31,261,2),(31,262,1),(31,265,1),(31,266,1),(31,267,1),(31,268,1),(31,272,1),(31,273,1),(31,276,1),(31,283,1),(31,285,1),(31,286,1),(31,288,1),(31,292,1),(31,293,1),(31,298,1),(31,300,1),(31,305,1),(31,308,2),(31,311,1),(31,314,2),(31,317,2),(31,318,1),(31,319,2),(31,320,3),(31,322,1),(31,326,1),(31,331,1),(31,332,1),(31,334,1),(31,336,1),(31,337,1),(31,341,1),(31,344,2),(31,347,1),(31,348,1),(31,349,1),(31,357,1),(31,358,1),(31,359,1),(31,366,1),(31,368,1),(31,369,1),(31,371,2),(31,372,1),(31,374,1),(31,376,1),(31,378,1),(31,381,1),(35,1,1),(35,2,1),(35,3,1),(35,4,1),(35,6,1),(35,12,1),(35,13,1),(35,20,1),(35,22,2),(35,24,1),(35,39,1),(35,41,1),(35,45,1),(35,48,1),(35,56,1),(35,58,1),(35,61,1),(35,62,2),(35,63,1),(35,66,1),(35,68,1),(35,71,1),(35,73,1),(35,80,1),(35,81,1),(35,82,1),(35,83,2),(35,87,1),(35,88,1),(35,98,1),(35,99,1),(35,100,2),(35,102,2),(35,104,1),(35,109,1),(35,110,2),(35,111,1),(35,119,1),(35,120,1),(35,121,1),(35,122,1),(35,123,1),(35,126,1),(35,127,1),(35,129,1),(35,136,1),(35,139,1),(35,143,1),(35,145,1),(35,146,1),(35,147,2),(35,148,1),(35,150,1),(35,152,2),(35,153,2),(35,157,1),(35,159,1),(35,161,1),(35,162,1),(35,165,1),(35,166,1),(35,177,1),(35,180,1),(35,181,3),(35,182,1),(35,185,1),(35,188,2),(35,189,1),(35,191,1),(35,193,1),(35,196,1),(35,198,1),(35,200,1),(35,205,1),(35,207,1),(35,209,1),(35,211,1),(35,214,1),(35,220,1),(35,224,1),(35,226,1),(35,227,1),(35,241,1),(35,243,1),(35,248,1),(35,250,1),(35,252,1),(35,254,1),(35,258,1),(35,269,1),(35,271,1),(35,274,1),(35,275,1),(35,279,3),(35,280,1),(35,284,1),(35,285,1),(35,292,1),(35,295,1),(35,297,1),(35,298,1),(35,300,1),(35,303,1),(35,306,1),(35,307,2),(35,308,1),(35,309,1),(35,316,1),(35,328,1),(35,334,2),(35,335,1),(35,340,1),(35,341,2),(35,342,1),(35,343,1),(35,344,1),(35,348,1),(35,354,1),(35,356,1),(35,360,2),(35,361,1),(35,364,1),(35,371,1),(35,372,2),(35,382,1),(36,2,1),(36,3,1),(36,4,1),(36,6,1),(36,8,2),(36,9,1),(36,10,1),(36,17,1),(36,19,1),(36,21,1),(36,22,1),(36,23,1),(36,25,1),(36,26,1),(36,29,2),(36,31,2),(36,34,1),(36,35,2),(36,36,1),(36,37,1),(36,40,1),(36,41,2),(36,44,1),(36,45,1),(36,47,1),(36,48,2),(36,50,1),(36,52,1),(36,53,1),(36,54,1),(36,55,1),(36,57,1),(36,66,1),(36,67,2),(36,71,1),(36,75,1),(36,76,1),(36,81,1),(36,82,1),(36,83,1),(36,85,1),(36,87,1),(36,89,2),(36,91,2),(36,97,2),(36,98,1),(36,101,1),(36,106,1),(36,113,1),(36,114,1),(36,116,2),(36,119,2),(36,122,1),(36,125,1),(36,126,1),(36,130,2),(36,132,1),(36,133,1),(36,137,1),(36,138,1),(36,139,1),(36,141,2),(36,143,2),(36,147,1),(36,152,1),(36,154,1),(36,155,1),(36,156,1),(36,159,2),(36,162,2),(36,168,1),(36,171,2),(36,172,1),(36,173,1),(36,176,3),(36,178,1),(36,180,1),(36,189,1),(36,193,1),(36,198,1),(36,201,1),(36,205,1),(36,210,1),(36,211,1),(36,214,1),(36,216,1),(36,220,1),(36,226,1),(36,227,2),(36,232,3),(36,233,1),(36,235,1),(36,236,1),(36,240,1),(36,241,1),(36,247,1),(36,249,2),(36,250,1),(36,254,1),(36,255,1),(36,258,1),(36,259,1),(36,263,1),(36,266,1),(36,267,2),(36,269,1),(36,270,1),(36,272,2),(36,277,1),(36,278,1),(36,283,2),(36,285,2),(36,286,1),(36,288,1),(36,292,1),(36,293,1),(36,296,1),(36,299,1),(36,300,1),(36,301,1),(36,312,1),(36,313,3),(36,315,1),(36,317,1),(36,318,1),(36,321,1),(36,322,2),(36,328,1),(36,329,1),(36,333,1),(36,337,1),(36,338,1),(36,340,1),(36,345,1),(36,349,1),(36,351,2),(36,352,1),(36,356,1),(36,367,1),(36,376,1),(36,379,1),(36,380,1),(36,381,1),(36,382,1),(38,1,2),(38,5,1),(38,6,1),(38,11,1),(38,12,2),(38,13,1),(38,14,2),(38,18,1),(38,23,1),(38,26,1),(38,27,1),(38,29,2),(38,30,1),(38,31,1),(38,32,1),(38,33,1),(38,34,2),(38,35,1),(38,37,1),(38,38,1),(38,41,1),(38,42,1),(38,46,1),(38,47,1),(38,48,1),(38,52,1),(38,53,1),(38,57,1),(38,59,1),(38,61,1),(38,63,1),(38,76,1),(38,80,1),(38,81,2),(38,82,1),(38,83,2),(38,84,1),(38,86,1),(38,90,1),(38,91,1),(38,92,1),(38,94,1),(38,95,2),(38,98,1),(38,107,1),(38,108,1),(38,109,1),(38,111,1),(38,113,1),(38,116,1),(38,118,1),(38,120,1),(38,121,1),(38,123,1),(38,124,1),(38,126,1),(38,127,1),(38,140,1),(38,142,1),(38,146,1),(38,148,1),(38,153,1),(38,158,1),(38,159,1),(38,163,1),(38,164,1),(38,166,1),(38,171,1),(38,172,1),(38,176,1),(38,177,2),(38,180,1),(38,181,2),(38,182,1),(38,183,1),(38,186,1),(38,187,1),(38,188,1),(38,194,1),(38,202,1),(38,203,1),(38,204,1),(38,206,1),(38,208,1),(38,210,3),(38,212,1),(38,214,2),(38,216,1),(38,219,1),(38,222,1),(38,224,1),(38,228,1),(38,230,1),(38,231,1),(38,234,1),(38,239,1),(38,243,1),(38,245,1),(38,248,1),(38,249,1),(38,252,3),(38,261,1),(38,265,1),(38,269,1),(38,270,1),(38,272,1),(38,274,1),(38,275,1),(38,277,2),(38,282,1),(38,286,1),(38,289,1),(38,292,2),(38,297,2),(38,298,1),(38,306,1),(38,307,1),(38,311,2),(38,314,1),(38,316,1),(38,317,1),(38,318,2),(38,326,1),(38,327,1),(38,329,1),(38,334,1),(38,343,1),(38,344,1),(38,349,1),(38,352,2),(38,354,2),(38,355,1),(38,356,1),(38,359,2),(38,360,1),(38,362,2),(38,366,2),(38,370,3),(38,371,1),(38,374,2),(38,377,1),(38,379,1),(38,380,1),(38,381,1),(42,1,1),(42,8,1),(42,11,1),(42,12,1),(42,13,1),(42,14,1),(42,15,1),(42,18,1),(42,19,1),(42,21,1),(42,23,2),(42,28,1),(42,29,1),(42,30,2),(42,32,1),(42,40,1),(42,42,1),(42,44,2),(42,45,1),(42,49,2),(42,50,1),(42,53,1),(42,56,1),(42,58,1),(42,60,1),(42,61,1),(42,64,1),(42,66,1),(42,68,2),(42,69,1),(42,77,1),(42,78,1),(42,79,1),(42,85,1),(42,88,1),(42,98,1),(42,100,1),(42,103,1),(42,105,1),(42,106,1),(42,109,2),(42,110,1),(42,111,2),(42,114,1),(42,116,1),(42,123,1),(42,124,1),(42,129,1),(42,130,1),(42,131,1),(42,132,1),(42,133,1),(42,135,1),(42,136,1),(42,137,1),(42,139,2),(42,144,2),(42,146,1),(42,150,1),(42,151,3),(42,152,1),(42,153,2),(42,154,2),(42,157,1),(42,158,1),(42,159,1),(42,162,2),(42,164,1),(42,167,1),(42,170,1),(42,171,1),(42,173,1),(42,176,1),(42,177,1),(42,179,1),(42,182,1),(42,183,1),(42,184,1),(42,187,1),(42,189,2),(42,190,1),(42,192,1),(42,193,1),(42,196,1),(42,201,1),(42,213,2),(42,220,1),(42,237,1),(42,239,1),(42,242,1),(42,245,1),(42,246,1),(42,247,1),(42,249,1),(42,252,1),(42,255,1),(42,258,1),(42,265,2),(42,271,3),(42,272,1),(42,275,1),(42,276,2),(42,277,1),(42,284,1),(42,287,1),(42,291,1),(42,298,1),(42,299,2),(42,300,1),(42,301,1),(42,302,1),(42,303,2),(42,308,1),(42,310,1),(42,313,2),(42,316,1),(42,317,1),(42,324,1),(42,325,1),(42,330,1),(42,339,1),(42,341,1),(42,343,2),(42,346,1),(42,347,1),(42,348,2),(42,350,1),(42,354,1),(42,356,1),(42,358,1),(42,363,3),(42,367,1),(42,380,1),(42,381,1),(42,382,1),(50,2,1),(50,6,1),(50,16,1),(50,22,1),(50,26,2),(50,27,1),(50,29,1),(50,30,1),(50,31,1),(50,32,1),(50,33,2),(50,34,2),(50,38,2),(50,42,1),(50,44,1),(50,46,1),(50,48,1),(50,50,1),(50,51,1),(50,53,1),(50,58,1),(50,61,1),(50,65,1),(50,66,1),(50,67,1),(50,73,2),(50,78,2),(50,82,1),(50,83,1),(50,90,1),(50,95,1),(50,98,1),(50,101,1),(50,110,1),(50,115,1),(50,116,1),(50,118,1),(50,119,1),(50,121,1),(50,127,2),(50,128,2),(50,131,2),(50,132,1),(50,133,1),(50,137,2),(50,145,1),(50,152,1),(50,155,1),(50,160,1),(50,163,1),(50,165,2),(50,167,1),(50,169,1),(50,172,1),(50,174,1),(50,178,1),(50,181,1),(50,185,1),(50,188,2),(50,190,3),(50,191,1),(50,194,2),(50,195,2),(50,197,1),(50,198,1),(50,199,1),(50,200,1),(50,204,1),(50,205,1),(50,206,1),(50,209,2),(50,210,2),(50,211,2),(50,212,2),(50,213,1),(50,215,1),(50,216,1),(50,219,1),(50,222,2),(50,224,2),(50,228,1),(50,231,1),(50,233,2),(50,234,1),(50,235,1),(50,236,1),(50,238,1),(50,239,1),(50,242,1),(50,243,1),(50,247,1),(50,250,1),(50,252,2),(50,253,2),(50,254,1),(50,256,1),(50,258,1),(50,273,1),(50,274,1),(50,276,2),(50,277,1),(50,282,1),(50,287,1),(50,297,1),(50,305,1),(50,307,1),(50,309,2),(50,312,1),(50,317,1),(50,318,1),(50,320,1),(50,322,1),(50,324,2),(50,325,1),(50,326,1),(50,330,2),(50,335,1),(50,338,1),(50,339,1),(50,344,1),(50,345,1),(50,348,1),(50,356,2),(50,370,1),(50,376,1),(50,379,1),(50,380,2),(50,382,1),(52,1,1),(52,3,1),(52,6,1),(52,10,1),(52,13,1),(52,14,2),(52,16,1),(52,17,1),(52,26,1),(52,29,1),(52,32,1),(52,34,1),(52,36,1),(52,39,1),(52,41,1),(52,44,1),(52,46,2),(52,47,1),(52,50,1),(52,54,1),(52,56,1),(52,66,1),(52,69,2),(52,73,1),(52,74,1),(52,76,2),(52,79,1),(52,82,1),(52,85,1),(52,86,1),(52,96,1),(52,98,2),(52,104,1),(52,111,1),(52,113,2),(52,116,1),(52,121,1),(52,122,1),(52,127,2),(52,128,1),(52,130,1),(52,131,1),(52,132,2),(52,133,1),(52,135,2),(52,140,2),(52,142,1),(52,144,1),(52,148,1),(52,149,2),(52,153,2),(52,169,3),(52,171,1),(52,173,2),(52,175,1),(52,180,1),(52,182,1),(52,185,1),(52,187,1),(52,188,1),(52,190,1),(52,191,1),(52,194,1),(52,196,1),(52,197,1),(52,198,1),(52,199,2),(52,200,1),(52,201,1),(52,207,1),(52,208,2),(52,214,1),(52,215,1),(52,220,1),(52,221,2),(52,223,1),(52,224,1),(52,225,1),(52,226,1),(52,227,1),(52,231,1),(52,239,1),(52,242,1),(52,244,1),(52,245,1),(52,246,1),(52,252,1),(52,256,2),(52,258,2),(52,264,1),(52,265,1),(52,268,2),(52,272,1),(52,273,1),(52,275,1),(52,279,2),(52,283,1),(52,285,1),(52,286,1),(52,290,1),(52,291,1),(52,293,1),(52,294,1),(52,296,2),(52,297,1),(52,304,1),(52,307,1),(52,309,1),(52,310,1),(52,312,1),(52,319,1),(52,323,1),(52,326,1),(52,327,1),(52,333,1),(52,334,1),(52,340,1),(52,343,1),(52,347,1),(52,348,1),(52,349,1),(52,350,1),(52,355,1),(52,361,2),(52,365,1),(52,366,1),(52,368,2),(52,369,1),(52,370,1),(52,371,1),(52,374,1),(52,375,1),(52,376,1),(52,377,1),(52,378,1),(52,380,1),(52,382,1),(54,2,3),(54,6,1),(54,7,1),(54,8,1),(54,9,3),(54,11,1),(54,14,3),(54,21,1),(54,22,1),(54,23,1),(54,26,1),(54,28,1),(54,29,1),(54,30,1),(54,31,1),(54,34,1),(54,38,1),(54,42,1),(54,48,1),(54,50,1),(54,52,1),(54,54,1),(54,57,1),(54,58,1),(54,60,1),(54,62,2),(54,66,1),(54,67,1),(54,73,1),(54,75,1),(54,78,1),(54,82,1),(54,84,1),(54,91,2),(54,99,1),(54,104,1),(54,107,1),(54,108,1),(54,111,1),(54,113,1),(54,115,1),(54,117,1),(54,122,1),(54,123,3),(54,128,1),(54,132,1),(54,134,2),(54,136,2),(54,139,1),(54,140,1),(54,141,1),(54,146,1),(54,149,2),(54,153,1),(54,155,2),(54,166,1),(54,168,1),(54,169,1),(54,170,1),(54,173,1),(54,176,2),(54,178,1),(54,182,1),(54,186,1),(54,187,1),(54,188,1),(54,192,3),(54,194,1),(54,197,1),(54,202,1),(54,208,2),(54,209,1),(54,210,1),(54,215,1),(54,216,1),(54,218,2),(54,219,2),(54,220,1),(54,221,1),(54,222,2),(54,224,1),(54,231,2),(54,234,1),(54,236,1),(54,238,1),(54,241,2),(54,242,1),(54,253,2),(54,257,1),(54,261,2),(54,263,3),(54,267,1),(54,270,1),(54,274,1),(54,278,2),(54,279,1),(54,280,1),(54,283,2),(54,284,1),(54,285,1),(54,297,1),(54,298,1),(54,299,1),(54,300,2),(54,302,1),(54,305,1),(54,306,1),(54,307,1),(54,312,2),(54,313,1),(54,315,1),(54,318,2),(54,319,1),(54,321,1),(54,324,1),(54,327,1),(54,328,1),(54,330,1),(54,331,1),(54,334,1),(54,335,1),(54,349,1),(54,351,2),(54,355,1),(54,361,1),(54,362,1),(54,370,1),(54,371,1),(54,375,1),(54,378,1),(54,379,2),(54,380,1),(54,382,1),(56,1,1),(56,4,1),(56,5,2),(56,12,1),(56,15,1),(56,16,2),(56,17,1),(56,19,1),(56,22,2),(56,27,1),(56,28,1),(56,29,1),(56,31,1),(56,32,1),(56,35,1),(56,42,2),(56,45,2),(56,47,1),(56,54,1),(56,55,1),(56,61,1),(56,64,1),(56,66,1),(56,69,1),(56,71,1),(56,73,1),(56,75,2),(56,76,2),(56,79,2),(56,80,1),(56,81,1),(56,83,1),(56,85,4),(56,87,1),(56,90,1),(56,92,1),(56,96,1),(56,106,1),(56,108,1),(56,111,3),(56,114,1),(56,115,1),(56,117,1),(56,123,1),(56,124,1),(56,126,1),(56,130,1),(56,135,2),(56,139,1),(56,141,1),(56,142,2),(56,143,1),(56,145,1),(56,147,1),(56,149,1),(56,151,1),(56,152,1),(56,159,1),(56,162,1),(56,170,2),(56,173,1),(56,175,1),(56,176,2),(56,177,1),(56,180,2),(56,192,1),(56,194,1),(56,202,2),(56,207,1),(56,210,1),(56,217,1),(56,219,1),(56,221,1),(56,223,1),(56,224,1),(56,225,1),(56,226,1),(56,228,1),(56,232,1),(56,234,1),(56,235,1),(56,237,1),(56,239,1),(56,245,1),(56,246,1),(56,247,1),(56,248,1),(56,250,1),(56,252,2),(56,255,1),(56,257,1),(56,259,1),(56,262,1),(56,263,1),(56,264,1),(56,265,1),(56,268,1),(56,269,1),(56,270,1),(56,271,1),(56,273,1),(56,280,1),(56,281,1),(56,283,2),(56,286,3),(56,293,1),(56,294,1),(56,295,1),(56,297,1),(56,298,1),(56,300,1),(56,301,1),(56,302,1),(56,305,1),(56,309,1),(56,313,1),(56,317,1),(56,318,1),(56,319,1),(56,320,1),(56,322,1),(56,324,1),(56,328,1),(56,331,1),(56,332,1),(56,333,2),(56,338,1),(56,340,1),(56,342,1),(56,344,1),(56,347,1),(56,350,1),(56,353,1),(56,356,1),(56,360,1),(56,361,1),(56,362,1),(56,363,1),(56,372,1),(56,373,1),(56,374,1),(56,376,1),(56,378,1),(56,381,1),(56,382,2),(69,1,1),(69,5,1),(69,6,1),(69,7,1),(69,11,1),(69,17,1),(69,18,1),(69,19,3),(69,20,1),(69,24,1),(69,26,1),(69,27,1),(69,29,1),(69,30,1),(69,32,2),(69,42,1),(69,48,1),(69,51,1),(69,52,2),(69,54,1),(69,56,1),(69,59,1),(69,61,1),(69,64,1),(69,65,1),(69,66,1),(69,68,1),(69,70,1),(69,73,4),(69,78,1),(69,81,1),(69,89,1),(69,91,1),(69,92,1),(69,98,1),(69,102,1),(69,105,1),(69,106,1),(69,107,1),(69,109,1),(69,120,2),(69,121,1),(69,123,1),(69,125,1),(69,128,1),(69,130,1),(69,133,1),(69,134,1),(69,135,1),(69,137,1),(69,138,1),(69,141,1),(69,142,1),(69,143,1),(69,145,1),(69,151,1),(69,154,1),(69,155,1),(69,157,1),(69,159,2),(69,161,1),(69,162,1),(69,167,1),(69,174,1),(69,177,1),(69,183,1),(69,192,1),(69,194,3),(69,207,1),(69,208,1),(69,210,1),(69,221,1),(69,223,1),(69,224,2),(69,227,1),(69,235,2),(69,238,1),(69,240,1),(69,249,1),(69,250,1),(69,255,2),(69,256,1),(69,258,2),(69,264,1),(69,265,1),(69,266,1),(69,268,1),(69,269,1),(69,270,1),(69,273,1),(69,276,2),(69,277,1),(69,279,1),(69,280,1),(69,281,1),(69,283,1),(69,286,2),(69,288,2),(69,291,1),(69,294,2),(69,296,1),(69,298,1),(69,301,1),(69,302,1),(69,307,1),(69,309,1),(69,311,3),(69,331,2),(69,334,2),(69,336,2),(69,341,1),(69,342,1),(69,343,1),(69,348,1),(69,350,1),(69,354,1),(69,363,1),(69,365,1),(69,371,1),(69,373,1),(69,378,2),(69,380,1),(72,1,1),(72,4,1),(72,6,3),(72,7,1),(72,13,1),(72,17,1),(72,21,1),(72,23,1),(72,24,1),(72,25,1),(72,27,1),(72,28,1),(72,31,1),(72,36,1),(72,42,1),(72,44,2),(72,46,2),(72,53,1),(72,54,1),(72,56,1),(72,59,1),(72,62,1),(72,73,3),(72,74,1),(72,77,2),(72,80,1),(72,83,2),(72,84,2),(72,85,1),(72,89,1),(72,100,1),(72,101,1),(72,102,1),(72,107,1),(72,109,3),(72,113,1),(72,120,1),(72,121,1),(72,122,3),(72,123,1),(72,124,1),(72,127,1),(72,133,1),(72,141,1),(72,143,1),(72,147,1),(72,154,1),(72,156,1),(72,158,1),(72,162,1),(72,168,1),(72,175,1),(72,178,1),(72,182,1),(72,185,1),(72,187,1),(72,189,1),(72,191,1),(72,194,1),(72,195,1),(72,197,1),(72,199,2),(72,201,1),(72,205,1),(72,210,1),(72,211,1),(72,221,1),(72,222,1),(72,226,1),(72,229,1),(72,231,1),(72,233,2),(72,234,1),(72,235,1),(72,239,1),(72,241,2),(72,242,2),(72,246,1),(72,248,1),(72,255,1),(72,256,1),(72,257,1),(72,258,1),(72,261,1),(72,263,1),(72,265,1),(72,267,1),(72,278,1),(72,279,1),(72,281,1),(72,282,1),(72,288,2),(72,299,1),(72,300,1),(72,302,1),(72,303,1),(72,306,1),(72,310,2),(72,311,1),(72,312,2),(72,313,1),(72,315,1),(72,317,1),(72,326,1),(72,328,1),(72,335,1),(72,337,1),(72,339,1),(72,344,1),(72,346,1),(72,348,1),(72,349,1),(72,352,1),(72,355,1),(72,361,1),(72,365,1),(72,368,1),(72,369,1),(72,372,3),(72,374,3),(72,378,1),(72,380,1),(73,2,1),(73,7,1),(73,10,1),(73,12,1),(73,14,1),(73,20,1),(73,25,2),(73,27,3),(73,30,1),(73,31,1),(73,32,1),(73,34,1),(73,44,1),(73,47,2),(73,48,1),(73,49,1),(73,51,1),(73,55,2),(73,58,2),(73,59,1),(73,61,2),(73,65,3),(73,66,1),(73,68,1),(73,70,1),(73,81,1),(73,82,1),(73,85,2),(73,87,1),(73,91,1),(73,92,1),(73,95,2),(73,97,1),(73,98,3),(73,100,1),(73,101,1),(73,104,2),(73,110,3),(73,113,2),(73,118,1),(73,121,1),(73,124,1),(73,126,1),(73,127,2),(73,129,1),(73,131,4),(73,140,1),(73,145,3),(73,147,1),(73,148,1),(73,149,1),(73,154,2),(73,155,1),(73,160,1),(73,163,1),(73,166,1),(73,168,1),(73,171,1),(73,175,1),(73,178,2),(73,180,1),(73,186,1),(73,188,1),(73,190,1),(73,192,1),(73,197,1),(73,198,2),(73,201,1),(73,202,3),(73,203,1),(73,206,2),(73,207,2),(73,209,1),(73,211,1),(73,213,1),(73,215,1),(73,217,2),(73,219,1),(73,223,1),(73,225,1),(73,232,1),(73,233,1),(73,235,1),(73,240,1),(73,243,1),(73,244,1),(73,247,1),(73,248,1),(73,249,2),(73,251,1),(73,253,1),(73,254,1),(73,257,1),(73,260,1),(73,266,1),(73,268,1),(73,272,3),(73,282,1),(73,290,1),(73,294,1),(73,295,1),(73,296,1),(73,299,1),(73,302,1),(73,303,1),(73,304,2),(73,305,1),(73,306,1),(73,309,1),(73,315,1),(73,318,2),(73,321,1),(73,322,1),(73,324,1),(73,326,1),(73,328,1),(73,331,1),(73,334,1),(73,335,1),(73,336,1),(73,337,1),(73,338,2),(73,342,1),(73,345,1),(73,348,2),(73,349,1),(73,355,1),(73,359,1),(73,373,1),(73,381,1),(73,382,1),(76,2,1),(76,4,1),(76,7,1),(76,8,1),(76,11,1),(76,12,2),(76,16,1),(76,20,1),(76,22,1),(76,24,1),(76,27,1),(76,28,1),(76,30,1),(76,33,1),(76,35,1),(76,42,1),(76,43,1),(76,45,1),(76,53,2),(76,56,1),(76,58,1),(76,62,1),(76,72,1),(76,79,1),(76,89,1),(76,90,3),(76,91,1),(76,93,1),(76,97,1),(76,102,1),(76,105,2),(76,106,3),(76,107,2),(76,110,1),(76,111,1),(76,117,1),(76,124,1),(76,126,2),(76,129,1),(76,132,1),(76,133,1),(76,135,1),(76,137,1),(76,144,2),(76,146,1),(76,148,1),(76,151,1),(76,152,2),(76,158,1),(76,160,1),(76,163,1),(76,168,1),(76,170,1),(76,173,1),(76,174,1),(76,175,1),(76,176,1),(76,181,1),(76,184,1),(76,187,3),(76,195,1),(76,199,2),(76,204,1),(76,205,1),(76,213,2),(76,214,1),(76,219,1),(76,230,1),(76,234,1),(76,245,1),(76,247,2),(76,253,1),(76,255,1),(76,263,1),(76,264,1),(76,268,1),(76,270,1),(76,276,1),(76,278,1),(76,279,2),(76,280,1),(76,281,2),(76,282,2),(76,283,1),(76,285,1),(76,289,1),(76,290,1),(76,291,2),(76,293,2),(76,298,2),(76,300,1),(76,301,2),(76,303,3),(76,309,1),(76,312,2),(76,314,1),(76,315,2),(76,320,1),(76,322,1),(76,329,1),(76,336,2),(76,339,1),(76,342,2),(76,347,1),(76,349,1),(76,353,1),(76,356,1),(76,358,3),(76,360,1),(76,370,1),(76,373,1),(76,374,1),(76,375,2),(76,376,2),(76,379,2),(76,380,1),(77,1,1),(77,6,2),(77,9,1),(77,13,1),(77,14,2),(77,17,1),(77,18,1),(77,29,1),(77,30,1),(77,31,1),(77,32,1),(77,33,1),(77,34,1),(77,37,2),(77,41,1),(77,44,2),(77,47,1),(77,48,2),(77,50,1),(77,53,1),(77,55,1),(77,57,1),(77,60,2),(77,61,1),(77,65,2),(77,67,1),(77,70,2),(77,71,2),(77,73,1),(77,74,1),(77,77,2),(77,78,1),(77,80,1),(77,81,1),(77,83,1),(77,86,2),(77,87,1),(77,88,1),(77,90,2),(77,93,2),(77,94,1),(77,95,2),(77,96,1),(77,103,1),(77,107,1),(77,110,1),(77,113,2),(77,114,1),(77,116,2),(77,119,1),(77,123,1),(77,125,2),(77,126,1),(77,131,1),(77,137,1),(77,147,1),(77,149,1),(77,151,1),(77,153,2),(77,154,2),(77,156,1),(77,157,1),(77,158,1),(77,159,1),(77,160,1),(77,161,2),(77,162,1),(77,163,1),(77,164,1),(77,167,1),(77,169,1),(77,172,1),(77,173,1),(77,175,1),(77,180,1),(77,182,2),(77,186,1),(77,194,1),(77,198,1),(77,199,1),(77,204,1),(77,205,1),(77,208,1),(77,211,1),(77,212,1),(77,213,1),(77,215,1),(77,216,1),(77,220,1),(77,222,1),(77,227,2),(77,229,1),(77,230,1),(77,231,2),(77,232,1),(77,235,1),(77,237,1),(77,239,1),(77,248,1),(77,256,1),(77,257,2),(77,264,1),(77,265,1),(77,266,1),(77,267,1),(77,269,1),(77,272,2),(77,275,1),(77,282,1),(77,283,1),(77,286,1),(77,288,2),(77,290,1),(77,293,1),(77,295,1),(77,300,1),(77,302,1),(77,307,1),(77,310,1),(77,311,1),(77,312,1),(77,314,1),(77,320,1),(77,328,1),(77,329,1),(77,331,1),(77,332,1),(77,336,1),(77,341,1),(77,348,1),(77,349,1),(77,356,1),(77,358,1),(77,359,1),(77,363,1),(77,367,1),(77,368,2),(77,370,1),(77,373,1),(77,374,1),(77,375,1),(77,377,1),(77,380,1),(77,381,2),(79,1,1),(79,4,1),(79,8,1),(79,9,1),(79,11,1),(79,16,1),(79,20,1),(79,23,1),(79,24,1),(79,30,1),(79,31,1),(79,34,2),(79,41,1),(79,42,1),(79,43,1),(79,48,2),(79,53,1),(79,55,1),(79,59,1),(79,60,1),(79,61,1),(79,63,2),(79,64,1),(79,65,2),(79,67,1),(79,70,1),(79,71,1),(79,72,1),(79,74,1),(79,77,1),(79,78,3),(79,82,1),(79,83,1),(79,87,1),(79,94,1),(79,95,1),(79,99,1),(79,101,1),(79,103,1),(79,104,1),(79,106,1),(79,108,3),(79,112,2),(79,126,1),(79,127,1),(79,129,1),(79,130,2),(79,132,1),(79,133,1),(79,138,1),(79,143,3),(79,144,2),(79,145,2),(79,147,2),(79,148,1),(79,150,1),(79,157,1),(79,160,2),(79,166,2),(79,168,1),(79,175,1),(79,176,1),(79,179,2),(79,181,1),(79,183,1),(79,185,1),(79,186,1),(79,190,1),(79,193,1),(79,196,1),(79,198,1),(79,201,1),(79,203,1),(79,205,2),(79,206,1),(79,207,1),(79,208,1),(79,212,1),(79,213,2),(79,220,2),(79,224,1),(79,227,1),(79,228,1),(79,229,2),(79,230,1),(79,233,1),(79,234,1),(79,237,1),(79,240,2),(79,242,1),(79,246,2),(79,248,2),(79,249,1),(79,250,1),(79,252,1),(79,255,1),(79,261,1),(79,262,1),(79,265,1),(79,267,1),(79,268,2),(79,270,2),(79,273,1),(79,276,2),(79,283,1),(79,287,2),(79,288,1),(79,289,1),(79,290,1),(79,296,1),(79,297,1),(79,301,1),(79,306,1),(79,308,1),(79,309,2),(79,316,1),(79,326,1),(79,327,2),(79,328,1),(79,329,1),(79,332,1),(79,335,1),(79,345,2),(79,346,1),(79,349,1),(79,358,1),(79,361,1),(79,365,1),(79,368,1),(79,371,1),(79,374,1),(79,377,1),(79,378,1),(79,379,2),(79,380,2),(79,381,2),(80,9,1),(80,10,1),(80,12,1),(80,14,2),(80,16,1),(80,17,1),(80,20,1),(80,22,1),(80,23,1),(80,24,1),(80,26,1),(80,28,1),(80,32,1),(80,34,1),(80,36,2),(80,37,1),(80,38,2),(80,41,1),(80,42,1),(80,47,2),(80,49,1),(80,52,1),(80,56,1),(80,59,1),(80,61,2),(80,62,1),(80,64,1),(80,65,1),(80,66,1),(80,73,1),(80,78,1),(80,79,2),(80,81,1),(80,84,1),(80,86,1),(80,89,1),(80,90,1),(80,93,2),(80,97,1),(80,101,1),(80,112,2),(80,113,1),(80,116,1),(80,121,1),(80,125,1),(80,127,1),(80,133,1),(80,135,2),(80,141,1),(80,142,2),(80,145,2),(80,146,1),(80,147,2),(80,148,1),(80,151,1),(80,152,1),(80,154,2),(80,155,1),(80,161,1),(80,163,1),(80,172,1),(80,176,2),(80,178,3),(80,179,1),(80,180,1),(80,183,1),(80,185,2),(80,191,1),(80,196,2),(80,200,1),(80,202,1),(80,204,1),(80,206,1),(80,207,1),(80,216,1),(80,217,2),(80,221,1),(80,224,1),(80,227,2),(80,234,1),(80,236,1),(80,237,1),(80,238,1),(80,241,1),(80,242,1),(80,243,1),(80,244,1),(80,245,1),(80,247,1),(80,248,1),(80,258,1),(80,261,1),(80,266,3),(80,269,1),(80,272,2),(80,275,1),(80,279,1),(80,281,2),(80,283,1),(80,284,1),(80,289,2),(80,290,1),(80,291,1),(80,293,1),(80,295,1),(80,303,1),(80,304,1),(80,307,1),(80,312,1),(80,313,2),(80,316,1),(80,323,1),(80,326,1),(80,327,1),(80,330,1),(80,331,1),(80,332,2),(80,334,1),(80,335,1),(80,339,2),(80,340,1),(80,341,2),(80,343,1),(80,344,1),(80,345,1),(80,346,1),(80,349,2),(80,350,1),(80,352,1),(80,356,1),(80,358,1),(80,363,1),(80,365,1),(80,366,2),(80,367,2),(80,372,1),(80,376,1),(81,1,1),(81,2,1),(81,9,1),(81,10,1),(81,12,1),(81,13,1),(81,15,1),(81,16,1),(81,18,1),(81,22,1),(81,24,1),(81,29,2),(81,30,1),(81,31,1),(81,34,1),(81,35,1),(81,36,1),(81,37,2),(81,38,1),(81,41,1),(81,42,1),(81,51,2),(81,52,1),(81,54,1),(81,58,1),(81,60,1),(81,66,1),(81,67,1),(81,73,1),(81,78,1),(81,80,1),(81,81,1),(81,83,2),(81,84,1),(81,90,1),(81,95,1),(81,98,1),(81,100,3),(81,104,1),(81,109,1),(81,113,1),(81,122,3),(81,123,2),(81,124,2),(81,125,1),(81,127,1),(81,128,2),(81,129,1),(81,135,1),(81,140,2),(81,141,2),(81,144,2),(81,145,1),(81,146,1),(81,147,1),(81,149,1),(81,151,1),(81,161,1),(81,164,2),(81,171,1),(81,173,1),(81,176,1),(81,177,2),(81,187,1),(81,190,2),(81,193,1),(81,198,1),(81,199,1),(81,206,1),(81,208,1),(81,212,1),(81,217,1),(81,220,1),(81,221,1),(81,224,2),(81,227,1),(81,232,1),(81,236,1),(81,242,1),(81,245,1),(81,246,2),(81,251,1),(81,254,2),(81,255,2),(81,259,1),(81,261,2),(81,264,1),(81,265,1),(81,266,2),(81,267,1),(81,268,1),(81,276,1),(81,281,1),(81,282,1),(81,284,1),(81,287,1),(81,292,1),(81,295,1),(81,296,1),(81,300,1),(81,301,1),(81,306,1),(81,307,1),(81,308,2),(81,309,1),(81,310,1),(81,314,1),(81,316,1),(81,320,1),(81,321,1),(81,323,1),(81,324,1),(81,327,1),(81,331,2),(81,339,1),(81,340,1),(81,345,1),(81,347,2),(81,351,1),(81,353,2),(81,354,2),(81,359,1),(81,360,1),(81,363,1),(81,371,1),(81,373,2),(81,377,3),(81,379,1),(81,382,1),(86,6,2),(86,8,1),(86,9,1),(86,11,1),(86,13,1),(86,14,1),(86,16,1),(86,17,1),(86,20,1),(86,24,1),(86,25,1),(86,27,1),(86,37,1),(86,38,1),(86,39,2),(86,44,2),(86,46,2),(86,47,2),(86,49,1),(86,50,1),(86,52,2),(86,53,1),(86,57,1),(86,60,2),(86,62,1),(86,68,1),(86,70,1),(86,74,1),(86,78,1),(86,82,1),(86,88,1),(86,90,2),(86,91,1),(86,97,2),(86,100,1),(86,101,1),(86,104,1),(86,105,1),(86,106,1),(86,107,1),(86,113,2),(86,121,1),(86,123,1),(86,125,2),(86,131,1),(86,132,3),(86,142,1),(86,146,1),(86,148,1),(86,150,1),(86,151,1),(86,152,1),(86,161,2),(86,164,1),(86,167,2),(86,169,1),(86,170,1),(86,176,1),(86,177,1),(86,178,2),(86,179,1),(86,182,1),(86,183,1),(86,185,1),(86,191,1),(86,193,1),(86,204,1),(86,210,1),(86,211,1),(86,213,1),(86,215,1),(86,217,1),(86,218,1),(86,222,1),(86,227,1),(86,229,1),(86,230,2),(86,231,1),(86,234,1),(86,236,2),(86,240,1),(86,243,1),(86,244,1),(86,247,1),(86,248,1),(86,249,1),(86,251,3),(86,252,2),(86,259,1),(86,260,1),(86,261,1),(86,262,1),(86,263,1),(86,265,1),(86,266,2),(86,270,1),(86,271,1),(86,277,1),(86,279,2),(86,283,1),(86,286,1),(86,288,1),(86,289,2),(86,290,1),(86,293,1),(86,297,1),(86,306,1),(86,310,1),(86,313,1),(86,314,1),(86,318,1),(86,320,1),(86,325,1),(86,326,1),(86,328,1),(86,331,1),(86,333,2),(86,336,1),(86,340,1),(86,341,1),(86,342,1),(86,343,1),(86,354,1),(86,356,1),(86,357,2),(86,364,1),(86,365,2),(86,373,1),(86,374,1),(86,376,1),(86,377,1),(86,380,1),(89,4,1),(89,7,2),(89,9,2),(89,15,1),(89,16,1),(89,17,1),(89,18,3),(89,19,1),(89,26,1),(89,27,2),(89,29,1),(89,32,1),(89,45,1),(89,50,2),(89,51,1),(89,52,1),(89,57,1),(89,58,1),(89,61,2),(89,65,1),(89,67,1),(89,70,1),(89,74,1),(89,76,2),(89,77,1),(89,79,1),(89,82,1),(89,87,1),(89,88,1),(89,98,1),(89,100,1),(89,101,1),(89,102,1),(89,104,1),(89,108,1),(89,109,1),(89,111,1),(89,112,1),(89,113,1),(89,115,1),(89,120,1),(89,121,1),(89,123,1),(89,124,1),(89,125,1),(89,126,1),(89,128,1),(89,130,2),(89,133,1),(89,137,1),(89,139,2),(89,140,2),(89,142,1),(89,144,2),(89,148,2),(89,151,1),(89,152,3),(89,153,2),(89,154,1),(89,156,1),(89,158,2),(89,162,2),(89,170,1),(89,171,1),(89,173,1),(89,174,1),(89,175,1),(89,179,3),(89,180,1),(89,181,1),(89,188,1),(89,190,1),(89,193,2),(89,195,1),(89,196,1),(89,200,1),(89,203,1),(89,205,1),(89,209,1),(89,210,1),(89,217,1),(89,220,1),(89,228,1),(89,230,1),(89,235,1),(89,237,1),(89,240,1),(89,241,1),(89,242,1),(89,245,1),(89,257,1),(89,258,2),(89,259,2),(89,260,1),(89,262,1),(89,263,1),(89,267,1),(89,271,1),(89,273,1),(89,278,1),(89,279,1),(89,291,1),(89,295,2),(89,296,1),(89,297,1),(89,298,1),(89,301,1),(89,303,1),(89,310,1),(89,313,1),(89,322,1),(89,324,1),(89,326,1),(89,327,1),(89,328,1),(89,330,2),(89,334,1),(89,340,2),(89,348,1),(89,351,1),(89,352,1),(89,353,1),(89,356,2),(89,360,1),(89,361,1),(89,362,1),(89,363,1),(89,365,1),(89,368,1),(89,379,1),(97,2,1),(97,4,2),(97,7,1),(97,15,1),(97,19,1),(97,21,1),(97,24,1),(97,28,2),(97,29,1),(97,31,1),(97,32,1),(97,35,1),(97,38,1),(97,39,1),(97,40,1),(97,42,1),(97,44,1),(97,48,1),(97,50,1),(97,52,1),(97,56,1),(97,58,1),(97,61,1),(97,64,1),(97,69,1),(97,70,1),(97,72,1),(97,74,2),(97,77,3),(97,78,1),(97,79,1),(97,82,1),(97,83,1),(97,86,1),(97,87,1),(97,89,2),(97,91,2),(97,92,1),(97,94,1),(97,98,1),(97,101,1),(97,105,1),(97,106,1),(97,110,1),(97,111,1),(97,114,1),(97,118,1),(97,119,1),(97,120,1),(97,124,1),(97,128,1),(97,129,1),(97,133,1),(97,135,1),(97,139,1),(97,140,1),(97,145,2),(97,146,1),(97,149,1),(97,152,1),(97,154,1),(97,156,1),(97,162,1),(97,170,1),(97,172,1),(97,177,2),(97,178,1),(97,179,1),(97,184,1),(97,185,2),(97,186,2),(97,189,2),(97,190,1),(97,192,1),(97,193,1),(97,194,1),(97,196,1),(97,201,1),(97,206,1),(97,207,1),(97,213,1),(97,214,1),(97,215,1),(97,218,1),(97,220,2),(97,222,2),(97,223,1),(97,224,1),(97,225,1),(97,226,1),(97,231,1),(97,232,1),(97,233,2),(97,238,1),(97,240,1),(97,241,2),(97,244,2),(97,245,1),(97,248,2),(97,250,2),(97,252,1),(97,258,1),(97,265,1),(97,266,1),(97,270,1),(97,274,1),(97,282,1),(97,284,1),(97,286,1),(97,288,3),(97,289,1),(97,291,1),(97,293,1),(97,297,1),(97,303,2),(97,310,1),(97,311,1),(97,312,1),(97,315,2),(97,322,1),(97,327,2),(97,328,1),(97,329,1),(97,330,1),(97,335,1),(97,337,1),(97,342,2),(97,347,1),(97,348,1),(97,351,1),(97,352,2),(97,355,2),(97,356,1),(97,357,1),(97,360,2),(97,365,1),(97,366,1),(97,368,1),(97,369,2),(97,371,2),(97,372,1),(97,382,4),(98,4,1),(98,8,1),(98,9,1),(98,10,1),(98,11,1),(98,13,1),(98,15,1),(98,16,1),(98,21,1),(98,22,1),(98,23,1),(98,28,1),(98,32,1),(98,34,1),(98,38,1),(98,42,1),(98,43,1),(98,45,1),(98,51,1),(98,53,1),(98,55,1),(98,57,2),(98,58,2),(98,60,1),(98,61,1),(98,63,1),(98,68,1),(98,71,1),(98,76,1),(98,79,1),(98,83,2),(98,86,2),(98,88,1),(98,90,1),(98,98,1),(98,99,1),(98,100,1),(98,101,2),(98,108,2),(98,109,1),(98,112,1),(98,117,1),(98,118,1),(98,120,1),(98,121,1),(98,122,2),(98,124,1),(98,125,2),(98,127,1),(98,129,1),(98,130,1),(98,135,1),(98,137,1),(98,139,1),(98,142,3),(98,148,1),(98,149,2),(98,153,1),(98,158,1),(98,161,2),(98,164,2),(98,165,1),(98,171,1),(98,173,2),(98,174,1),(98,175,1),(98,176,2),(98,180,1),(98,183,2),(98,186,1),(98,190,1),(98,194,1),(98,198,1),(98,199,1),(98,201,1),(98,203,1),(98,205,1),(98,209,1),(98,213,1),(98,214,1),(98,215,1),(98,218,1),(98,222,1),(98,231,1),(98,233,3),(98,238,1),(98,243,1),(98,244,1),(98,245,2),(98,246,1),(98,248,1),(98,255,1),(98,258,1),(98,260,1),(98,261,1),(98,262,1),(98,263,1),(98,264,1),(98,265,1),(98,268,2),(98,273,1),(98,275,1),(98,276,1),(98,278,1),(98,281,1),(98,287,1),(98,289,2),(98,301,1),(98,304,1),(98,306,1),(98,308,1),(98,309,1),(98,311,1),(98,313,1),(98,314,1),(98,320,2),(98,321,1),(98,335,1),(98,337,1),(98,341,2),(98,343,2),(98,345,1),(98,349,1),(98,353,1),(98,354,1),(98,356,1),(98,357,2),(98,360,1),(98,361,2),(98,362,1),(98,363,1),(98,364,2),(98,365,1),(98,369,1),(98,370,3),(98,371,1),(98,376,1),(98,381,1),(98,382,1),(99,2,1),(99,7,1),(99,8,1),(99,11,1),(99,12,1),(99,16,1),(99,19,2),(99,25,1),(99,27,1),(99,29,2),(99,39,1),(99,42,1),(99,45,2),(99,47,1),(99,52,1),(99,55,1),(99,56,2),(99,58,1),(99,59,1),(99,60,1),(99,61,1),(99,63,1),(99,64,1),(99,68,1),(99,69,1),(99,70,1),(99,71,1),(99,73,1),(99,77,1),(99,78,1),(99,81,1),(99,83,1),(99,92,1),(99,93,1),(99,97,1),(99,107,1),(99,109,2),(99,111,1),(99,112,1),(99,118,1),(99,119,1),(99,121,1),(99,123,1),(99,124,1),(99,125,1),(99,127,2),(99,129,1),(99,131,1),(99,132,1),(99,137,1),(99,139,1),(99,140,1),(99,141,1),(99,145,2),(99,148,1),(99,150,1),(99,151,1),(99,152,1),(99,153,2),(99,154,1),(99,155,1),(99,157,1),(99,160,2),(99,164,1),(99,165,3),(99,166,1),(99,169,1),(99,171,1),(99,174,2),(99,175,1),(99,177,1),(99,180,3),(99,182,1),(99,184,2),(99,191,1),(99,199,1),(99,205,1),(99,206,1),(99,210,1),(99,214,1),(99,222,1),(99,227,1),(99,228,1),(99,233,1),(99,234,1),(99,237,1),(99,240,1),(99,243,1),(99,247,1),(99,250,1),(99,254,1),(99,258,1),(99,261,1),(99,262,1),(99,266,1),(99,267,1),(99,268,1),(99,270,1),(99,271,1),(99,273,1),(99,277,1),(99,280,2),(99,283,1),(99,285,2),(99,286,1),(99,290,1),(99,294,1),(99,299,1),(99,301,1),(99,307,1),(99,310,1),(99,318,1),(99,321,1),(99,322,1),(99,328,1),(99,331,1),(99,335,2),(99,336,1),(99,341,2),(99,345,1),(99,349,1),(99,352,1),(99,353,3),(99,356,1),(99,359,1),(99,360,1),(99,365,2),(99,366,1),(99,372,1),(99,373,1),(99,375,1),(99,376,1),(99,377,1),(99,378,2),(99,380,1),(99,381,1),(101,1,1),(101,2,1),(101,4,2),(101,9,2),(101,11,1),(101,16,1),(101,17,1),(101,23,1),(101,25,1),(101,27,1),(101,28,1),(101,29,1),(101,30,1),(101,31,2),(101,32,2),(101,35,1),(101,39,1),(101,42,2),(101,44,2),(101,46,2),(101,48,1),(101,50,1),(101,54,2),(101,55,1),(101,56,1),(101,58,1),(101,59,1),(101,60,1),(101,65,1),(101,69,1),(101,72,1),(101,74,1),(101,76,1),(101,77,1),(101,79,1),(101,82,2),(101,83,1),(101,84,1),(101,93,3),(101,94,1),(101,95,1),(101,96,2),(101,97,1),(101,98,1),(101,103,1),(101,106,1),(101,111,1),(101,113,1),(101,115,1),(101,117,2),(101,118,1),(101,119,1),(101,120,2),(101,121,1),(101,126,1),(101,129,1),(101,131,1),(101,132,1),(101,134,2),(101,135,1),(101,140,2),(101,141,2),(101,143,1),(101,144,1),(101,150,2),(101,152,1),(101,153,1),(101,154,1),(101,155,1),(101,156,1),(101,157,1),(101,158,1),(101,159,1),(101,160,1),(101,162,1),(101,163,1),(101,164,1),(101,165,1),(101,171,1),(101,172,1),(101,173,2),(101,174,1),(101,178,1),(101,180,1),(101,189,1),(101,195,1),(101,198,2),(101,199,1),(101,201,1),(101,202,1),(101,203,1),(101,206,2),(101,207,1),(101,213,2),(101,216,1),(101,217,1),(101,218,1),(101,219,3),(101,221,1),(101,222,1),(101,228,3),(101,231,1),(101,232,2),(101,236,1),(101,239,1),(101,242,1),(101,243,1),(101,246,2),(101,248,1),(101,249,1),(101,251,1),(101,253,1),(101,254,1),(101,255,1),(101,258,2),(101,262,1),(101,263,1),(101,265,1),(101,268,1),(101,269,1),(101,272,1),(101,273,2),(101,275,2),(101,277,3),(101,281,1),(101,287,1),(101,289,1),(101,292,1),(101,293,2),(101,297,1),(101,300,1),(101,310,1),(101,311,2),(101,313,1),(101,315,1),(101,317,1),(101,324,1),(101,326,1),(101,330,1),(101,331,1),(101,332,1),(101,335,1),(101,339,2),(101,341,2),(101,343,1),(101,347,1),(101,348,1),(101,351,1),(101,353,2),(101,356,1),(101,358,2),(101,359,2),(101,364,1),(101,367,1),(101,368,2),(101,373,1),(101,374,1),(101,377,2),(101,380,1),(101,382,1),(110,1,1),(110,6,1),(110,8,1),(110,13,1),(110,16,1),(110,19,1),(110,30,2),(110,31,1),(110,36,1),(110,37,1),(110,39,2),(110,40,3),(110,45,1),(110,46,2),(110,47,1),(110,49,1),(110,50,1),(110,51,1),(110,56,1),(110,57,1),(110,60,1),(110,63,1),(110,71,2),(110,76,1),(110,80,1),(110,81,1),(110,86,1),(110,87,1),(110,89,1),(110,96,1),(110,98,1),(110,104,1),(110,105,1),(110,111,1),(110,112,1),(110,115,1),(110,117,1),(110,123,1),(110,129,1),(110,131,2),(110,133,1),(110,134,1),(110,135,1),(110,138,1),(110,139,1),(110,140,1),(110,146,1),(110,148,1),(110,159,1),(110,161,1),(110,164,1),(110,165,1),(110,173,1),(110,180,1),(110,184,1),(110,185,1),(110,186,1),(110,188,1),(110,192,1),(110,193,1),(110,195,2),(110,199,2),(110,201,1),(110,203,1),(110,205,1),(110,212,2),(110,213,1),(110,214,1),(110,215,2),(110,219,1),(110,220,1),(110,221,1),(110,223,1),(110,225,1),(110,226,1),(110,229,1),(110,230,2),(110,233,1),(110,236,1),(110,237,1),(110,241,2),(110,248,2),(110,250,1),(110,256,2),(110,262,1),(110,263,1),(110,264,3),(110,265,2),(110,274,2),(110,276,1),(110,278,1),(110,279,1),(110,280,1),(110,281,2),(110,282,1),(110,284,1),(110,288,1),(110,289,1),(110,290,1),(110,292,1),(110,293,1),(110,297,1),(110,299,1),(110,302,1),(110,303,1),(110,305,1),(110,306,1),(110,307,2),(110,309,1),(110,313,1),(110,314,1),(110,316,1),(110,320,1),(110,321,1),(110,323,1),(110,325,1),(110,331,1),(110,332,1),(110,340,1),(110,342,1),(110,343,1),(110,344,1),(110,345,1),(110,346,1),(110,347,1),(110,348,1),(110,350,1),(110,351,1),(110,352,1),(110,353,1),(110,360,1),(110,361,1),(110,362,1),(110,363,1),(110,364,1),(110,365,1),(110,368,1),(110,369,2),(110,370,1),(110,372,1),(110,375,1),(110,378,3),(110,381,1),(117,6,2),(117,8,1),(117,13,1),(117,19,3),(117,21,1),(117,22,1),(117,24,1),(117,25,1),(117,27,1),(117,28,1),(117,31,1),(117,35,1),(117,36,1),(117,41,1),(117,46,1),(117,47,3),(117,48,2),(117,51,1),(117,52,1),(117,53,3),(117,54,1),(117,56,1),(117,57,1),(117,61,1),(117,64,2),(117,65,2),(117,68,1),(117,70,1),(117,72,1),(117,76,1),(117,95,2),(117,97,2),(117,100,1),(117,103,1),(117,105,2),(117,106,1),(117,110,2),(117,112,2),(117,121,1),(117,123,1),(117,124,1),(117,125,1),(117,129,1),(117,134,1),(117,135,1),(117,136,1),(117,138,2),(117,141,1),(117,143,1),(117,146,2),(117,151,1),(117,156,1),(117,158,2),(117,161,1),(117,162,1),(117,166,1),(117,167,1),(117,170,1),(117,171,1),(117,172,1),(117,174,2),(117,175,2),(117,176,1),(117,178,1),(117,184,1),(117,185,3),(117,186,2),(117,189,1),(117,194,1),(117,197,1),(117,198,1),(117,204,2),(117,205,2),(117,207,2),(117,210,1),(117,218,1),(117,219,1),(117,220,1),(117,221,1),(117,222,2),(117,224,1),(117,225,2),(117,227,1),(117,228,1),(117,229,1),(117,237,1),(117,240,1),(117,241,1),(117,247,1),(117,253,1),(117,254,1),(117,257,1),(117,258,1),(117,259,1),(117,263,1),(117,270,1),(117,275,1),(117,277,2),(117,282,1),(117,283,1),(117,284,1),(117,286,1),(117,287,1),(117,288,1),(117,291,1),(117,295,1),(117,302,1),(117,303,1),(117,304,1),(117,314,1),(117,319,1),(117,323,2),(117,327,1),(117,335,1),(117,336,1),(117,337,1),(117,338,1),(117,339,1),(117,340,1),(117,345,1),(117,355,1),(117,356,1),(117,361,1),(117,362,2),(117,366,2),(117,369,1),(117,371,1),(117,373,2),(117,374,1),(117,375,1),(117,378,1),(117,380,1),(117,381,1),(120,1,1),(120,6,1),(120,10,1),(120,16,2),(120,18,1),(120,19,3),(120,20,1),(120,21,1),(120,25,1),(120,26,1),(120,34,1),(120,38,1),(120,39,1),(120,40,1),(120,43,2),(120,44,1),(120,45,1),(120,47,1),(120,51,1),(120,53,1),(120,55,1),(120,57,1),(120,59,1),(120,61,1),(120,65,1),(120,66,1),(120,68,1),(120,73,3),(120,75,1),(120,80,1),(120,83,4),(120,89,2),(120,92,2),(120,94,1),(120,99,1),(120,100,1),(120,103,1),(120,111,1),(120,113,1),(120,115,1),(120,116,1),(120,117,1),(120,119,2),(120,125,2),(120,129,1),(120,132,2),(120,133,1),(120,135,1),(120,146,1),(120,149,2),(120,150,1),(120,157,1),(120,158,1),(120,161,2),(120,163,2),(120,164,1),(120,165,1),(120,169,1),(120,173,2),(120,176,1),(120,178,1),(120,187,1),(120,189,1),(120,192,1),(120,197,2),(120,204,1),(120,206,1),(120,210,1),(120,211,1),(120,217,1),(120,218,1),(120,220,1),(120,224,1),(120,237,1),(120,238,1),(120,243,1),(120,247,1),(120,249,1),(120,252,1),(120,260,2),(120,261,1),(120,263,1),(120,271,1),(120,272,1),(120,276,1),(120,282,1),(120,284,1),(120,285,3),(120,287,1),(120,290,1),(120,293,2),(120,299,1),(120,302,2),(120,304,1),(120,307,1),(120,311,1),(120,312,1),(120,313,2),(120,316,1),(120,322,1),(120,327,1),(120,331,1),(120,333,1),(120,334,1),(120,335,2),(120,338,2),(120,341,1),(120,342,2),(120,343,1),(120,345,2),(120,346,1),(120,348,1),(120,349,1),(120,351,1),(120,359,1),(120,361,2),(120,362,1),(120,365,2),(120,366,3),(120,367,1),(120,375,2),(120,380,1),(120,382,1),(121,4,1),(121,6,1),(121,7,1),(121,10,3),(121,11,1),(121,13,1),(121,18,1),(121,19,1),(121,22,1),(121,32,1),(121,33,2),(121,35,1),(121,36,1),(121,45,1),(121,47,1),(121,56,2),(121,57,1),(121,58,1),(121,61,1),(121,63,1),(121,64,1),(121,66,1),(121,70,1),(121,75,1),(121,79,1),(121,82,1),(121,83,2),(121,84,1),(121,89,1),(121,90,1),(121,95,1),(121,97,1),(121,99,1),(121,109,1),(121,111,1),(121,115,4),(121,125,1),(121,127,1),(121,128,1),(121,132,2),(121,135,1),(121,137,1),(121,141,2),(121,147,1),(121,149,3),(121,150,1),(121,154,1),(121,156,2),(121,157,1),(121,160,1),(121,161,1),(121,163,1),(121,164,1),(121,167,1),(121,171,1),(121,172,3),(121,173,1),(121,175,1),(121,176,1),(121,179,1),(121,180,1),(121,182,1),(121,183,2),(121,184,1),(121,185,2),(121,187,1),(121,189,1),(121,190,1),(121,191,1),(121,197,1),(121,200,2),(121,201,1),(121,205,2),(121,212,1),(121,214,1),(121,215,1),(121,218,1),(121,219,1),(121,220,1),(121,226,1),(121,230,1),(121,236,1),(121,241,1),(121,246,1),(121,248,1),(121,249,2),(121,250,1),(121,251,4),(121,252,1),(121,255,1),(121,262,2),(121,273,1),(121,275,1),(121,276,1),(121,279,2),(121,280,2),(121,283,2),(121,284,1),(121,287,1),(121,289,2),(121,293,1),(121,295,1),(121,296,1),(121,303,1),(121,306,1),(121,307,2),(121,312,1),(121,319,2),(121,320,1),(121,324,1),(121,326,1),(121,327,1),(121,328,1),(121,330,2),(121,331,1),(121,332,1),(121,333,1),(121,335,1),(121,337,1),(121,342,1),(121,347,2),(121,350,1),(121,352,1),(121,353,1),(121,356,1),(121,361,2),(121,363,3),(121,365,1),(121,371,3),(121,372,1),(121,375,3),(121,377,2),(121,378,1),(121,379,1),(126,1,2),(126,3,1),(126,8,1),(126,10,1),(126,14,1),(126,15,1),(126,18,1),(126,26,1),(126,27,1),(126,29,1),(126,32,2),(126,33,2),(126,34,1),(126,36,1),(126,39,2),(126,40,1),(126,41,2),(126,43,1),(126,45,2),(126,46,2),(126,48,1),(126,49,1),(126,50,1),(126,51,1),(126,52,1),(126,54,1),(126,55,1),(126,61,1),(126,62,1),(126,67,1),(126,71,1),(126,78,1),(126,79,1),(126,80,1),(126,89,2),(126,91,1),(126,92,1),(126,94,1),(126,97,1),(126,100,1),(126,106,2),(126,108,1),(126,110,1),(126,114,2),(126,117,1),(126,120,1),(126,128,1),(126,129,1),(126,131,1),(126,135,1),(126,140,1),(126,141,2),(126,142,1),(126,145,1),(126,147,1),(126,148,1),(126,152,1),(126,154,1),(126,156,2),(126,157,1),(126,158,1),(126,160,1),(126,165,1),(126,171,1),(126,173,1),(126,178,1),(126,182,1),(126,183,1),(126,185,1),(126,186,1),(126,187,1),(126,189,2),(126,192,1),(126,202,1),(126,203,1),(126,206,1),(126,207,1),(126,213,1),(126,220,1),(126,224,1),(126,228,3),(126,238,1),(126,242,1),(126,251,1),(126,254,1),(126,256,1),(126,258,1),(126,259,1),(126,262,1),(126,264,1),(126,265,1),(126,269,1),(126,275,1),(126,278,1),(126,280,1),(126,289,1),(126,291,1),(126,293,1),(126,302,1),(126,304,1),(126,310,2),(126,315,1),(126,317,1),(126,318,3),(126,319,1),(126,321,1),(126,328,1),(126,329,2),(126,330,1),(126,336,2),(126,344,1),(126,349,1),(126,351,1),(126,353,1),(126,354,1),(126,355,1),(126,358,1),(126,362,1),(126,365,1),(126,367,1),(126,371,1),(126,374,1),(126,375,1),(126,376,1),(126,377,1),(130,1,1),(130,2,1),(130,3,1),(130,5,1),(130,7,1),(130,8,1),(130,9,1),(130,10,2),(130,15,2),(130,16,1),(130,17,1),(130,18,1),(130,19,2),(130,22,1),(130,25,1),(130,26,2),(130,31,1),(130,34,1),(130,37,1),(130,38,1),(130,40,2),(130,41,1),(130,45,1),(130,46,1),(130,52,1),(130,53,1),(130,62,1),(130,68,1),(130,69,1),(130,77,2),(130,78,1),(130,79,1),(130,83,1),(130,91,1),(130,96,1),(130,100,1),(130,101,1),(130,104,1),(130,107,2),(130,109,1),(130,116,1),(130,120,1),(130,125,3),(130,128,1),(130,130,1),(130,131,1),(130,132,1),(130,133,2),(130,135,1),(130,136,1),(130,141,1),(130,143,1),(130,146,1),(130,147,1),(130,148,2),(130,153,1),(130,157,3),(130,160,1),(130,162,1),(130,164,1),(130,167,1),(130,169,3),(130,170,2),(130,176,1),(130,179,1),(130,180,1),(130,187,1),(130,188,1),(130,191,1),(130,192,2),(130,197,1),(130,198,1),(130,199,2),(130,205,1),(130,206,1),(130,209,1),(130,210,1),(130,212,1),(130,222,1),(130,224,1),(130,226,2),(130,229,1),(130,231,1),(130,233,1),(130,234,1),(130,235,1),(130,236,1),(130,242,1),(130,243,1),(130,247,1),(130,249,1),(130,253,1),(130,256,1),(130,257,1),(130,260,1),(130,261,2),(130,262,1),(130,263,1),(130,269,1),(130,270,1),(130,272,1),(130,273,1),(130,274,1),(130,280,1),(130,282,1),(130,283,1),(130,285,1),(130,286,1),(130,287,2),(130,294,1),(130,297,1),(130,301,1),(130,304,1),(130,306,1),(130,310,1),(130,312,1),(130,314,1),(130,317,1),(130,321,1),(130,322,1),(130,326,1),(130,327,1),(130,330,1),(130,333,1),(130,335,1),(130,337,1),(130,338,1),(130,339,1),(130,340,2),(130,342,2),(130,345,1),(130,346,1),(130,352,1),(130,353,1),(130,354,2),(130,355,1),(130,356,1),(130,357,1),(130,361,1),(130,363,1),(130,366,1),(130,367,1),(130,369,1),(130,370,2),(130,372,1),(130,375,1),(135,1,1),(135,4,1),(135,6,1),(135,8,1),(135,9,2),(135,11,1),(135,15,1),(135,16,1),(135,19,1),(135,21,1),(135,31,1),(135,33,1),(135,36,2),(135,38,1),(135,39,1),(135,46,1),(135,48,2),(135,50,1),(135,52,1),(135,53,1),(135,54,1),(135,56,1),(135,60,1),(135,64,1),(135,68,1),(135,70,1),(135,71,1),(135,74,1),(135,75,1),(135,80,1),(135,83,1),(135,91,1),(135,95,1),(135,96,1),(135,103,1),(135,104,1),(135,106,1),(135,110,1),(135,111,1),(135,114,1),(135,118,2),(135,120,1),(135,121,2),(135,122,1),(135,123,1),(135,127,1),(135,128,3),(135,129,1),(135,136,1),(135,140,1),(135,141,2),(135,143,1),(135,145,2),(135,147,2),(135,149,1),(135,150,1),(135,153,1),(135,156,1),(135,160,1),(135,163,1),(135,165,1),(135,166,2),(135,174,1),(135,178,1),(135,180,1),(135,184,3),(135,187,1),(135,195,1),(135,200,1),(135,203,1),(135,204,1),(135,205,1),(135,207,1),(135,210,1),(135,218,2),(135,219,1),(135,224,1),(135,228,1),(135,229,1),(135,233,1),(135,235,1),(135,237,1),(135,240,1),(135,241,1),(135,242,1),(135,244,1),(135,246,1),(135,247,1),(135,252,2),(135,253,1),(135,257,1),(135,258,2),(135,259,1),(135,260,1),(135,263,1),(135,266,1),(135,267,3),(135,268,1),(135,273,2),(135,277,1),(135,279,1),(135,280,1),(135,289,1),(135,291,1),(135,293,1),(135,300,1),(135,302,1),(135,304,1),(135,305,1),(135,306,1),(135,307,1),(135,315,1),(135,316,1),(135,318,2),(135,319,1),(135,321,1),(135,322,2),(135,323,1),(135,330,1),(135,336,1),(135,342,1),(135,351,1),(135,352,2),(135,360,1),(135,363,3),(135,368,1),(135,370,1),(135,372,1),(135,374,1),(135,381,1),(141,7,15),(141,9,1),(141,15,1),(141,16,1),(141,19,1),(141,20,1),(141,21,1),(141,22,1),(141,23,1),(141,27,1),(141,28,1),(141,33,1),(141,34,1),(141,36,1),(141,37,1),(141,38,2),(141,44,1),(141,46,1),(141,48,1),(141,52,1),(141,55,1),(141,59,1),(141,62,2),(141,64,1),(141,65,1),(141,69,2),(141,77,1),(141,78,2),(141,79,1),(141,80,1),(141,82,1),(141,83,1),(141,84,2),(141,85,1),(141,90,1),(141,94,1),(141,95,2),(141,96,1),(141,97,1),(141,101,1),(141,108,2),(141,114,1),(141,118,1),(141,119,2),(141,123,1),(141,127,1),(141,131,1),(141,134,1),(141,139,1),(141,142,1),(141,144,1),(141,147,1),(141,148,2),(141,151,1),(141,153,1),(141,154,1),(141,157,1),(141,158,1),(141,160,1),(141,162,1),(141,163,1),(141,166,1),(141,168,1),(141,171,2),(141,175,1),(141,176,1),(141,177,1),(141,182,1),(141,191,1),(141,193,2),(141,198,1),(141,202,1),(141,207,2),(141,211,1),(141,212,1),(141,218,1),(141,219,1),(141,222,1),(141,223,2),(141,227,1),(141,230,1),(141,238,1),(141,241,1),(141,242,1),(141,244,1),(141,251,1),(141,261,1),(141,265,1),(141,269,1),(141,270,1),(141,274,1),(141,279,1),(141,282,1),(141,285,1),(141,287,1),(141,288,2),(141,289,1),(141,300,2),(141,306,1),(141,307,1),(141,310,1),(141,311,1),(141,313,1),(141,314,1),(141,316,1),(141,319,1),(141,320,1),(141,321,2),(141,329,1),(141,331,1),(141,332,1),(141,333,1),(141,334,1),(141,337,2),(141,338,1),(141,343,1),(141,344,1),(141,346,1),(141,347,1),(141,350,1),(141,352,1),(141,356,1),(141,358,1),(141,360,3),(141,362,1),(141,370,1),(141,373,3),(141,374,2),(141,375,1),(141,379,1),(141,381,1),(142,11,1),(142,13,1),(142,15,1),(142,21,3),(142,22,1),(142,24,1),(142,25,2),(142,33,1),(142,35,1),(142,37,1),(142,43,1),(142,45,2),(142,48,1),(142,52,1),(142,54,1),(142,56,1),(142,57,1),(142,60,1),(142,66,1),(142,68,1),(142,72,1),(142,74,1),(142,75,1),(142,78,1),(142,79,2),(142,82,2),(142,84,1),(142,91,1),(142,92,1),(142,94,1),(142,95,1),(142,98,2),(142,104,1),(142,105,1),(142,106,1),(142,107,1),(142,109,2),(142,110,1),(142,112,1),(142,113,1),(142,115,2),(142,116,1),(142,120,1),(142,121,1),(142,123,1),(142,124,1),(142,129,1),(142,136,1),(142,138,1),(142,140,1),(142,141,1),(142,146,1),(142,149,2),(142,156,1),(142,157,2),(142,159,1),(142,162,2),(142,168,1),(142,172,1),(142,175,1),(142,180,1),(142,182,1),(142,184,2),(142,186,1),(142,191,1),(142,192,1),(142,196,1),(142,198,1),(142,210,2),(142,214,2),(142,215,1),(142,222,1),(142,224,1),(142,227,1),(142,231,2),(142,232,1),(142,234,1),(142,235,1),(142,239,1),(142,242,3),(142,247,1),(142,250,1),(142,252,1),(142,253,1),(142,254,1),(142,255,1),(142,260,1),(142,264,1),(142,268,2),(142,272,1),(142,280,1),(142,282,1),(142,286,1),(142,293,1),(142,295,1),(142,296,2),(142,299,1),(142,300,1),(142,301,1),(142,302,1),(142,304,1),(142,316,2),(142,318,1),(142,320,2),(142,322,2),(142,326,1),(142,329,1),(142,330,1),(142,335,1),(142,336,1),(142,338,1),(142,340,1),(142,345,2),(142,351,1),(142,362,2),(142,365,3),(142,369,1),(142,370,2),(142,373,1),(142,375,1),(142,381,1),(161,6,1),(161,9,1),(161,11,1),(161,16,1),(161,17,1),(161,23,1),(161,26,1),(161,28,1),(161,30,1),(161,31,1),(161,33,1),(161,36,1),(161,40,1),(161,41,1),(161,45,1),(161,48,1),(161,56,1),(161,57,1),(161,58,1),(161,62,2),(161,68,1),(161,69,1),(161,71,1),(161,72,2),(161,78,1),(161,79,2),(161,81,1),(161,87,1),(161,88,1),(161,90,2),(161,95,1),(161,98,1),(161,103,1),(161,104,2),(161,105,3),(161,106,1),(161,108,2),(161,115,1),(161,118,1),(161,119,1),(161,122,1),(161,124,1),(161,126,1),(161,128,1),(161,129,1),(161,134,1),(161,135,1),(161,136,2),(161,143,1),(161,149,1),(161,152,1),(161,153,1),(161,154,3),(161,156,3),(161,158,1),(161,159,2),(161,160,1),(161,163,1),(161,164,1),(161,165,1),(161,166,1),(161,168,1),(161,174,1),(161,176,1),(161,178,2),(161,188,1),(161,190,1),(161,195,2),(161,197,1),(161,202,1),(161,204,1),(161,212,1),(161,215,2),(161,218,1),(161,219,1),(161,220,1),(161,221,2),(161,223,1),(161,226,2),(161,227,2),(161,228,2),(161,230,1),(161,233,1),(161,235,1),(161,236,1),(161,245,1),(161,246,1),(161,248,2),(161,250,1),(161,252,1),(161,256,1),(161,258,1),(161,260,2),(161,262,1),(161,264,2),(161,267,1),(161,270,1),(161,271,1),(161,275,1),(161,276,1),(161,278,1),(161,281,1),(161,283,1),(161,284,2),(161,285,1),(161,288,2),(161,291,1),(161,292,1),(161,293,1),(161,298,1),(161,301,1),(161,305,2),(161,308,1),(161,309,1),(161,313,1),(161,314,1),(161,316,2),(161,327,1),(161,330,2),(161,331,1),(161,335,1),(161,336,1),(161,340,1),(161,344,1),(161,350,1),(161,352,1),(161,355,2),(161,358,2),(161,368,1),(161,369,1),(161,371,1),(161,372,1),(161,380,2),(161,381,1),(161,382,1),(170,4,1),(170,13,2),(170,15,2),(170,17,1),(170,19,1),(170,20,1),(170,25,1),(170,26,2),(170,33,1),(170,39,1),(170,42,3),(170,47,1),(170,49,1),(170,50,1),(170,55,1),(170,56,1),(170,60,1),(170,64,2),(170,66,1),(170,74,1),(170,75,1),(170,76,2),(170,81,1),(170,84,1),(170,88,1),(170,89,1),(170,92,1),(170,95,1),(170,102,1),(170,103,1),(170,116,1),(170,117,1),(170,124,2),(170,125,1),(170,126,1),(170,128,1),(170,131,1),(170,134,1),(170,135,1),(170,141,1),(170,149,1),(170,154,1),(170,156,1),(170,158,1),(170,161,1),(170,162,1),(170,164,1),(170,167,1),(170,168,2),(170,169,1),(170,170,1),(170,173,2),(170,178,1),(170,187,1),(170,190,1),(170,191,1),(170,193,1),(170,194,1),(170,195,1),(170,197,1),(170,198,1),(170,206,1),(170,208,2),(170,211,1),(170,212,1),(170,214,1),(170,215,2),(170,220,1),(170,221,1),(170,222,1),(170,227,2),(170,230,1),(170,233,2),(170,234,3),(170,238,2),(170,239,1),(170,244,1),(170,245,2),(170,246,2),(170,248,2),(170,249,1),(170,253,2),(170,254,2),(170,257,4),(170,259,1),(170,267,1),(170,270,1),(170,271,1),(170,273,2),(170,274,1),(170,280,1),(170,281,1),(170,285,1),(170,289,1),(170,291,1),(170,294,1),(170,296,1),(170,301,1),(170,306,3),(170,307,1),(170,308,1),(170,311,1),(170,313,2),(170,314,2),(170,316,1),(170,320,1),(170,323,1),(170,325,1),(170,327,1),(170,328,2),(170,330,1),(170,343,1),(170,347,2),(170,348,1),(170,353,1),(170,354,1),(170,356,1),(170,358,1),(170,359,2),(170,364,1),(170,365,1),(170,369,1),(170,373,2),(170,375,2),(170,380,2),(172,4,3),(172,9,1),(172,11,1),(172,15,1),(172,16,1),(172,17,1),(172,18,2),(172,19,1),(172,23,1),(172,24,1),(172,29,1),(172,32,1),(172,38,1),(172,43,1),(172,48,1),(172,53,1),(172,54,2),(172,55,1),(172,57,2),(172,59,1),(172,69,1),(172,72,1),(172,75,1),(172,83,1),(172,90,1),(172,94,1),(172,95,1),(172,99,1),(172,100,2),(172,103,2),(172,104,1),(172,105,1),(172,107,1),(172,114,1),(172,115,1),(172,118,1),(172,121,1),(172,122,1),(172,123,1),(172,125,2),(172,128,1),(172,129,1),(172,150,1),(172,153,1),(172,156,1),(172,163,1),(172,168,1),(172,170,2),(172,179,1),(172,180,1),(172,184,2),(172,185,1),(172,193,1),(172,202,1),(172,203,1),(172,207,1),(172,215,1),(172,219,3),(172,222,1),(172,224,1),(172,225,1),(172,227,1),(172,228,1),(172,231,3),(172,236,1),(172,240,1),(172,241,1),(172,247,1),(172,252,1),(172,254,1),(172,256,1),(172,257,1),(172,260,2),(172,264,1),(172,266,1),(172,273,1),(172,276,1),(172,279,1),(172,282,1),(172,284,2),(172,288,1),(172,289,1),(172,293,2),(172,294,1),(172,295,1),(172,297,1),(172,298,2),(172,302,1),(172,305,3),(172,307,1),(172,309,1),(172,310,1),(172,316,1),(172,324,1),(172,325,1),(172,327,1),(172,334,3),(172,337,1),(172,339,1),(172,344,1),(172,348,1),(172,349,1),(172,350,1),(172,352,2),(172,357,1),(172,362,1),(172,364,1),(172,365,1),(172,367,1),(172,368,2),(172,369,1),(172,373,1),(172,375,1),(172,382,1),(177,2,1),(177,4,1),(177,6,2),(177,10,2),(177,11,1),(177,13,1),(177,14,1),(177,16,1),(177,17,1),(177,18,1),(177,19,1),(177,22,1),(177,27,1),(177,28,2),(177,29,1),(177,30,2),(177,32,1),(177,33,1),(177,35,2),(177,38,1),(177,44,2),(177,46,1),(177,47,1),(177,48,1),(177,51,2),(177,55,2),(177,60,1),(177,65,1),(177,66,1),(177,67,1),(177,69,1),(177,73,2),(177,78,2),(177,79,1),(177,83,2),(177,90,1),(177,91,2),(177,94,1),(177,95,1),(177,97,1),(177,99,1),(177,100,1),(177,107,2),(177,110,2),(177,115,1),(177,118,1),(177,120,2),(177,124,1),(177,127,1),(177,129,1),(177,134,1),(177,135,1),(177,138,1),(177,139,1),(177,140,1),(177,142,2),(177,145,1),(177,146,1),(177,147,1),(177,148,1),(177,153,1),(177,157,1),(177,159,1),(177,167,1),(177,170,1),(177,178,1),(177,181,2),(177,182,1),(177,183,1),(177,184,1),(177,185,1),(177,194,1),(177,195,1),(177,198,1),(177,199,1),(177,200,1),(177,202,1),(177,204,1),(177,205,1),(177,207,1),(177,208,2),(177,212,1),(177,213,1),(177,218,1),(177,220,1),(177,221,1),(177,227,1),(177,231,2),(177,233,1),(177,242,2),(177,243,2),(177,244,1),(177,246,1),(177,251,1),(177,256,1),(177,260,1),(177,262,1),(177,268,1),(177,272,1),(177,273,1),(177,274,3),(177,277,1),(177,279,1),(177,280,2),(177,281,1),(177,285,1),(177,287,1),(177,289,1),(177,291,1),(177,298,1),(177,299,1),(177,303,1),(177,304,1),(177,305,1),(177,308,1),(177,309,1),(177,312,1),(177,317,2),(177,319,1),(177,320,1),(177,321,1),(177,325,2),(177,332,1),(177,334,1),(177,339,1),(177,341,1),(177,345,1),(177,351,2),(177,352,1),(177,354,1),(177,355,3),(177,357,1),(177,358,1),(177,373,2),(177,374,1),(178,1,1),(178,2,2),(178,3,1),(178,4,1),(178,5,1),(178,8,1),(178,9,1),(178,16,1),(178,17,1),(178,18,1),(178,20,1),(178,21,2),(178,22,1),(178,27,1),(178,32,1),(178,35,1),(178,37,1),(178,40,1),(178,41,2),(178,42,1),(178,43,1),(178,46,2),(178,47,1),(178,48,1),(178,51,1),(178,52,1),(178,55,1),(178,57,3),(178,59,1),(178,60,1),(178,61,1),(178,62,1),(178,63,1),(178,64,1),(178,65,1),(178,73,1),(178,75,1),(178,76,1),(178,79,3),(178,81,1),(178,82,1),(178,83,1),(178,87,2),(178,91,1),(178,96,2),(178,99,2),(178,100,1),(178,102,2),(178,103,1),(178,104,2),(178,107,1),(178,108,1),(178,112,1),(178,114,1),(178,115,1),(178,122,2),(178,131,1),(178,134,1),(178,136,1),(178,139,1),(178,140,2),(178,144,1),(178,146,1),(178,147,1),(178,151,1),(178,152,1),(178,158,2),(178,162,3),(178,164,1),(178,169,1),(178,173,1),(178,174,1),(178,176,1),(178,182,1),(178,189,1),(178,198,1),(178,201,1),(178,205,1),(178,206,1),(178,207,1),(178,209,1),(178,212,1),(178,213,1),(178,220,1),(178,226,1),(178,227,1),(178,233,1),(178,237,1),(178,238,2),(178,244,1),(178,246,1),(178,248,1),(178,249,1),(178,252,1),(178,253,1),(178,255,1),(178,258,1),(178,261,1),(178,264,1),(178,267,1),(178,269,1),(178,275,1),(178,276,2),(178,281,1),(178,282,1),(178,283,2),(178,285,1),(178,300,1),(178,301,2),(178,304,1),(178,306,1),(178,307,1),(178,316,1),(178,318,1),(178,322,2),(178,325,1),(178,327,1),(178,332,1),(178,333,1),(178,335,1),(178,339,2),(178,341,1),(178,343,1),(178,344,1),(178,345,1),(178,352,2),(178,353,1),(178,355,1),(178,356,1),(178,363,1),(178,364,1),(178,368,1),(178,376,1),(178,381,2),(178,382,1),(179,9,2),(179,12,1),(179,13,1),(179,14,1),(179,16,1),(179,19,2),(179,20,1),(179,21,1),(179,22,1),(179,23,1),(179,33,1),(179,44,1),(179,45,1),(179,47,1),(179,54,1),(179,55,1),(179,56,1),(179,60,1),(179,61,1),(179,62,1),(179,66,2),(179,71,1),(179,75,1),(179,77,1),(179,78,1),(179,81,1),(179,88,1),(179,89,2),(179,91,1),(179,92,1),(179,96,1),(179,97,1),(179,100,1),(179,104,1),(179,110,1),(179,111,1),(179,118,2),(179,120,1),(179,121,2),(179,122,1),(179,124,1),(179,129,1),(179,132,1),(179,136,1),(179,137,1),(179,139,1),(179,144,2),(179,146,1),(179,147,1),(179,154,1),(179,155,1),(179,159,2),(179,160,1),(179,161,1),(179,164,1),(179,167,1),(179,171,1),(179,173,1),(179,182,2),(179,184,1),(179,186,1),(179,191,1),(179,197,1),(179,199,1),(179,200,1),(179,201,1),(179,202,1),(179,205,1),(179,211,1),(179,214,1),(179,215,1),(179,217,1),(179,221,1),(179,222,1),(179,223,1),(179,225,1),(179,229,1),(179,234,1),(179,236,1),(179,239,1),(179,240,1),(179,245,1),(179,247,2),(179,249,1),(179,252,1),(179,254,4),(179,255,1),(179,269,1),(179,270,1),(179,272,1),(179,275,1),(179,276,1),(179,279,1),(179,281,1),(179,283,1),(179,296,1),(179,298,1),(179,299,1),(179,301,1),(179,303,1),(179,304,1),(179,310,1),(179,311,2),(179,312,1),(179,315,2),(179,325,2),(179,331,1),(179,333,1),(179,334,1),(179,335,1),(179,336,1),(179,337,3),(179,343,1),(179,344,1),(179,346,1),(179,347,2),(179,357,1),(179,360,1),(179,363,1),(179,367,1),(179,369,1),(179,370,1),(179,371,1),(179,373,1),(179,375,1),(179,376,1),(179,378,2),(179,379,2),(179,380,1),(180,1,1),(180,3,1),(180,4,1),(180,9,1),(180,11,1),(180,14,1),(180,18,2),(180,19,2),(180,20,1),(180,21,1),(180,23,2),(180,26,2),(180,30,1),(180,31,2),(180,32,1),(180,33,1),(180,35,2),(180,37,1),(180,40,2),(180,41,1),(180,43,1),(180,44,1),(180,47,3),(180,48,2),(180,53,1),(180,54,1),(180,59,2),(180,61,1),(180,63,1),(180,65,3),(180,67,1),(180,71,1),(180,73,1),(180,81,1),(180,86,1),(180,87,1),(180,88,1),(180,91,1),(180,92,1),(180,95,1),(180,96,1),(180,97,2),(180,98,1),(180,99,1),(180,100,1),(180,107,1),(180,108,1),(180,110,1),(180,113,1),(180,115,1),(180,116,1),(180,117,1),(180,118,3),(180,119,1),(180,121,1),(180,125,1),(180,127,1),(180,128,1),(180,129,1),(180,130,1),(180,144,1),(180,146,1),(180,149,1),(180,155,1),(180,157,1),(180,158,1),(180,159,1),(180,162,1),(180,163,1),(180,166,1),(180,168,2),(180,169,2),(180,172,1),(180,173,1),(180,179,1),(180,180,1),(180,181,1),(180,184,1),(180,186,2),(180,190,1),(180,191,1),(180,192,2),(180,194,1),(180,195,1),(180,199,1),(180,201,1),(180,202,2),(180,203,1),(180,206,1),(180,207,1),(180,209,1),(180,215,1),(180,219,1),(180,220,1),(180,228,1),(180,229,2),(180,231,1),(180,232,1),(180,234,1),(180,237,1),(180,239,1),(180,249,3),(180,257,1),(180,260,2),(180,261,2),(180,265,1),(180,266,1),(180,268,1),(180,271,1),(180,273,1),(180,279,1),(180,280,1),(180,285,1),(180,290,1),(180,293,1),(180,294,3),(180,296,2),(180,300,1),(180,306,1),(180,308,1),(180,311,1),(180,312,1),(180,313,1),(180,317,1),(180,318,1),(180,323,1),(180,328,1),(180,331,2),(180,334,1),(180,341,1),(180,342,1),(180,344,1),(180,347,2),(180,351,1),(180,354,1),(180,356,1),(180,358,1),(180,360,1),(180,364,1),(180,365,1),(180,370,1),(180,373,1),(180,374,1),(180,376,1),(184,3,1),(184,6,1),(184,7,1),(184,10,1),(184,13,1),(184,14,2),(184,17,3),(184,19,1),(184,21,1),(184,22,1),(184,26,1),(184,28,1),(184,29,2),(184,34,2),(184,39,2),(184,42,1),(184,43,1),(184,50,2),(184,56,1),(184,57,1),(184,58,1),(184,60,1),(184,62,1),(184,63,1),(184,66,1),(184,69,1),(184,73,1),(184,74,1),(184,79,2),(184,80,1),(184,81,1),(184,83,2),(184,87,1),(184,88,1),(184,92,1),(184,95,1),(184,106,1),(184,107,1),(184,114,2),(184,115,4),(184,116,2),(184,119,1),(184,121,1),(184,122,1),(184,130,1),(184,131,1),(184,132,2),(184,137,1),(184,138,2),(184,139,1),(184,144,1),(184,148,1),(184,152,1),(184,155,1),(184,161,1),(184,165,3),(184,166,2),(184,167,2),(184,174,1),(184,176,2),(184,179,2),(184,185,2),(184,187,1),(184,188,1),(184,190,1),(184,193,1),(184,194,1),(184,199,1),(184,204,1),(184,205,1),(184,207,1),(184,210,1),(184,211,2),(184,214,1),(184,217,1),(184,218,2),(184,220,1),(184,222,1),(184,223,1),(184,228,1),(184,234,1),(184,243,1),(184,245,1),(184,247,1),(184,248,1),(184,253,1),(184,262,1),(184,263,1),(184,272,1),(184,273,2),(184,276,1),(184,279,1),(184,280,2),(184,284,1),(184,286,2),(184,287,1),(184,288,2),(184,291,2),(184,294,1),(184,295,1),(184,297,1),(184,300,2),(184,313,1),(184,319,1),(184,322,1),(184,324,1),(184,329,1),(184,349,1),(184,351,1),(184,352,1),(184,354,1),(184,357,2),(184,360,1),(184,362,3),(184,363,1),(184,364,1),(184,368,1),(184,369,1),(184,371,2),(184,373,1),(184,374,1),(184,376,1),(184,377,1),(197,1,1),(197,2,2),(197,6,1),(197,12,1),(197,14,1),(197,18,1),(197,22,1),(197,25,1),(197,28,1),(197,31,2),(197,34,1),(197,41,1),(197,45,1),(197,51,2),(197,53,1),(197,55,1),(197,57,1),(197,58,1),(197,61,1),(197,62,1),(197,69,1),(197,74,1),(197,79,2),(197,81,1),(197,82,1),(197,86,1),(197,88,1),(197,93,1),(197,94,3),(197,95,1),(197,99,1),(197,107,1),(197,108,1),(197,109,1),(197,111,1),(197,116,1),(197,123,1),(197,125,1),(197,126,1),(197,141,1),(197,143,1),(197,144,1),(197,146,2),(197,148,1),(197,149,1),(197,151,1),(197,153,1),(197,155,1),(197,159,1),(197,179,1),(197,180,1),(197,185,1),(197,187,1),(197,191,1),(197,192,1),(197,197,1),(197,198,1),(197,202,1),(197,203,1),(197,205,1),(197,212,1),(197,214,2),(197,226,1),(197,227,2),(197,232,1),(197,235,2),(197,241,1),(197,243,2),(197,244,1),(197,247,1),(197,248,1),(197,253,1),(197,262,1),(197,268,1),(197,270,1),(197,271,1),(197,273,1),(197,274,1),(197,275,1),(197,277,2),(197,281,1),(197,282,1),(197,292,1),(197,293,2),(197,297,1),(197,299,1),(197,305,1),(197,307,1),(197,311,1),(197,313,1),(197,315,1),(197,316,1),(197,320,1),(197,322,1),(197,331,1),(197,338,1),(197,339,1),(197,340,1),(197,344,2),(197,350,1),(197,356,3),(197,358,2),(197,360,2),(197,361,2),(197,372,1),(197,375,1),(197,376,1),(200,1,4),(200,4,1),(200,5,1),(200,7,1),(200,11,1),(200,12,1),(200,17,1),(200,19,1),(200,20,1),(200,21,2),(200,23,1),(200,28,1),(200,37,1),(200,42,2),(200,43,1),(200,44,1),(200,48,2),(200,49,1),(200,55,1),(200,56,1),(200,58,1),(200,60,1),(200,62,1),(200,65,3),(200,71,2),(200,72,1),(200,75,1),(200,77,1),(200,78,1),(200,81,2),(200,84,1),(200,90,1),(200,91,2),(200,97,1),(200,100,1),(200,101,1),(200,103,2),(200,105,1),(200,110,1),(200,113,1),(200,114,1),(200,115,1),(200,116,2),(200,117,1),(200,119,1),(200,120,1),(200,121,1),(200,123,1),(200,127,1),(200,128,1),(200,131,1),(200,132,1),(200,135,1),(200,139,1),(200,140,1),(200,141,1),(200,142,2),(200,145,1),(200,154,1),(200,155,1),(200,163,2),(200,166,1),(200,167,2),(200,175,1),(200,176,1),(200,178,1),(200,180,1),(200,181,1),(200,182,1),(200,184,1),(200,185,2),(200,186,1),(200,190,1),(200,192,1),(200,194,3),(200,198,3),(200,205,1),(200,211,2),(200,214,1),(200,215,1),(200,219,1),(200,222,1),(200,226,1),(200,234,1),(200,242,1),(200,244,1),(200,249,1),(200,250,1),(200,252,1),(200,253,1),(200,254,1),(200,260,1),(200,262,1),(200,263,1),(200,265,1),(200,270,1),(200,272,1),(200,274,1),(200,276,2),(200,277,1),(200,278,2),(200,279,1),(200,282,2),(200,284,1),(200,291,2),(200,293,1),(200,297,1),(200,298,1),(200,299,1),(200,300,1),(200,303,1),(200,304,1),(200,306,1),(200,311,1),(200,312,1),(200,313,1),(200,315,2),(200,316,1),(200,317,2),(200,322,1),(200,324,1),(200,325,1),(200,327,2),(200,328,1),(200,331,1),(200,332,1),(200,342,1),(200,343,1),(200,346,2),(200,351,1),(200,354,1),(200,356,1),(200,357,1),(200,360,2),(200,361,1),(200,365,2),(200,368,1),(200,370,2),(200,371,1),(200,372,1),(200,375,1),(200,377,1),(200,379,1),(200,380,1),(200,381,1);
/*!40000 ALTER TABLE `branch_book_copies` ENABLE KEYS */;
UNLOCK TABLES;

--
-- Table structure for table `publisher`
--

DROP TABLE IF EXISTS `publisher`;
/*!40101 SET @saved_cs_client     = @@character_set_client */;
/*!40101 SET character_set_client = utf8 */;
CREATE TABLE `publisher` (
  `publisherId` int(11) NOT NULL AUTO_INCREMENT,
  `name` varchar(45) NOT NULL,
  `address` varchar(100) NOT NULL,
  PRIMARY KEY (`publisherId`)
) ENGINE=InnoDB AUTO_INCREMENT=52 DEFAULT CHARSET=latin1;
/*!40101 SET character_set_client = @saved_cs_client */;

--
-- Dumping data for table `publisher`
--

LOCK TABLES `publisher` WRITE;
/*!40000 ALTER TABLE `publisher` DISABLE KEYS */;
INSERT INTO `publisher` VALUES (1,'Addison-Wesley Professional','75 Arlington Street, Suite 300 in Boston, Mass'),(2,'Goodwin-Buckridge','29810 Hayes Mill Suite 276\nJayceeshire, DE 70804'),(3,'Labadie, Leffler and Schiller','356 Ebert Row Suite 563\nWest Helmermouth, ND 78559-7613'),(4,'Beatty Ltd','736 Rogahn Rapid\nWalterland, OH 98953'),(5,'Pagac, Feest and Swift','3710 Kuhic Roads Apt. 686\nJamalburgh, OH 83276-5362'),(6,'Larson and Sons','34035 Towne Isle Suite 187\nNolanfurt, ID 78617'),(7,'Friesen, Quitzon and Stroman','190 Mozell Creek Suite 358\nEast Brenda, CO 75850-1632'),(8,'Considine-Hagenes','92552 Dessie Hills Suite 200\nWest Connerhaven, DC 52176-1170'),(9,'Rogahn Inc','4312 Funk Estates Apt. 768\nKuhlmanmouth, NJ 31153-4206'),(10,'Yundt, Zulauf and Brown','14000 Dicki Summit Apt. 692\nPort Santina, CA 76293'),(11,'Greenfelder PLC','1599 Aliyah Courts Apt. 649\nBabymouth, HI 34114'),(12,'Stehr, Reinger and Cruickshank','44013 Jones Fields\nGrahamfort, NY 84771-1236'),(13,'Quitzon-Nikolaus','994 Cormier Valleys\nSouth Ivory, DE 77035-9300'),(14,'Parisian-Kerluke','9187 Gonzalo Plaza Suite 252\nWest Otis, WY 17986'),(15,'Hirthe-Jerde','132 Wyman Summit Suite 410\nXanderborough, HI 74242-7784'),(16,'Braun and Sons','5089 Jennings Forks\nVolkmanhaven, CT 59533-5449'),(17,'VonRueden-Prohaska','3675 Alberta Rest Suite 032\nArvelborough, NJ 40041-5472'),(18,'Cormier-Brown','5340 Doyle Corner\nFramifort, CO 94952'),(19,'Ryan Inc','72128 Icie Garden\nNew Rowland, SD 97546'),(20,'Dooley, Keebler and Ondricka','014 Parker Parkway Apt. 122\nSchmittside, IN 14691-5934'),(21,'Huel PLC','2564 Christ Highway\nWest Kaden, CA 18912'),(22,'Cruickshank, Bogan and Stanton','328 Bridie Springs Apt. 428\nWest Ozellaborough, NE 83903'),(23,'Mueller Ltd','71090 Waelchi Knolls Suite 475\nLottietown, KY 75814'),(24,'Wisoky-McLaughlin','12518 Maribel Village\nTiafurt, NV 67407-4184'),(25,'Von Inc','80647 Effertz Fall\nNew Dulceville, UT 00511-3839'),(26,'Lowe, Leffler and Simonis','8886 Brooks Place\nLake Rethafort, IN 62683'),(27,'Grimes-Beahan','31266 Howell Street Suite 609\nGoldnerberg, NV 92773'),(28,'Glover, Cassin and Grady','4293 Schoen Circle Apt. 607\nSylviahaven, HI 55291-5895'),(29,'Watsica-Hansen','4732 Hand Lake\nJewelland, ID 33780'),(30,'Kuhic Ltd','744 Hector Walk Apt. 692\nGunnarside, LA 43818'),(31,'Yost and Sons','90819 Senger Islands Apt. 873\nNorth Alexanderstad, SD 10263-6523'),(32,'Hintz-Jacobi','552 Lourdes Garden\nWest Marleeshire, MI 77945-4870'),(33,'McGlynn-Gleichner','401 Bartoletti Glen\nNorth Jacksonville, NC 36691-7441'),(34,'Rohan, Heidenreich and Gorczany','41136 Grady Forest Suite 558\nDevontefort, ND 62263'),(35,'Cruickshank, Beatty and Pfeffer','5366 Mayer Trace Suite 608\nNew Maud, MA 36558'),(36,'Rippin-Kub','300 Wunsch Ways\nSauerhaven, WA 23489'),(37,'Abshire Group','12019 Dickinson Fort\nSouth Augustus, ND 52553-1536'),(38,'Senger-Terry','298 Brooklyn Lake Suite 541\nOmaristad, GA 97666'),(39,'Borer, O\'Kon and Pfannerstill','385 Schulist Point Apt. 153\nSunnyburgh, AZ 58471-1118'),(40,'O\'Connell, Frami and O\'Connell','6069 Armstrong Lodge\nSouth Cierrachester, MA 37325-8597'),(41,'Raynor PLC','2869 Daniella Walk Apt. 319\nEast Owenland, MA 12333'),(42,'Gerlach-Witting','839 Pouros Coves\nCarrollport, TN 62088-3190'),(43,'Kassulke-Cassin','111 Nikita Isle Suite 867\nEast Jammieville, MS 67561'),(44,'Vandervort PLC','086 Lueilwitz Neck\nEast Iva, VT 89686'),(45,'Hand, D\'Amore and Paucek','3520 Barrows Orchard\nPort Herminio, MI 82151-8278'),(46,'Tremblay-Kunde','7377 Bosco Valleys Apt. 766\nPort Trishaburgh, MI 74665-4884'),(47,'Renner, Torphy and Wiegand','295 Clyde Isle\nElviehaven, DE 90315'),(48,'Bogisich-Bahringer','2869 Lela Drives\nHomenickside, MS 80767-2613'),(49,'Block-Murphy','28352 Henriette Light\nSwaniawskiside, VT 15209-6536'),(50,'Lakin, Gulgowski and Sipes','0291 Brody Street Apt. 824\nNew Sallyside, KS 61494-5018'),(51,'Kuphal PLC','02128 Lowe Isle Apt. 265\nMargotstad, SC 71482');
/*!40000 ALTER TABLE `publisher` ENABLE KEYS */;
UNLOCK TABLES;

--
-- Table structure for table `reader`
--

DROP TABLE IF EXISTS `reader`;
/*!40101 SET @saved_cs_client     = @@character_set_client */;
/*!40101 SET character_set_client = utf8 */;
CREATE TABLE `reader` (
  `readerId` int(11) NOT NULL AUTO_INCREMENT,
  `name` varchar(45) NOT NULL,
  `phoneNum` varchar(10) NOT NULL,
  `address` varchar(45) NOT NULL,
  `number_of_books_reserved` int(11) NOT NULL DEFAULT '0',
  `cardNumber` varchar(45) DEFAULT NULL,
  PRIMARY KEY (`readerId`),
  UNIQUE KEY `cardNumber_UNIQUE` (`cardNumber`)
) ENGINE=InnoDB AUTO_INCREMENT=207 DEFAULT CHARSET=latin1;
/*!40101 SET character_set_client = @saved_cs_client */;

--
-- Dumping data for table `reader`
--

LOCK TABLES `reader` WRITE;
/*!40000 ALTER TABLE `reader` DISABLE KEYS */;
INSERT INTO `reader` VALUES (3,'June Waters','048-645-99','8732 Hettinger Isle\nAbdielville, UT 79485',0,'448292438313'),(4,'Prof. Carmella Turcotte III','603.552.47','1943 Hagenes Junctions\nEmmetbury, WV 90822',0,'760333533585'),(5,'Ms. Lisette Bahringer Jr.','1-157-544-','2555 Oliver Shoal Apt. 383\nEast Anya, WY 3834',0,'552010954916'),(6,'Benedict Heathcote','(146)705-2','154 Jessyca Divide Apt. 167\nPearlshire, HI 95',0,'198247367143'),(7,'Ewald Koepp','440-739-59','39112 Kane Knoll Apt. 801\nSouth Cynthiaview, ',0,'332866524532'),(8,'Irwin Hills','281.868.24','38833 Joe Creek Suite 195\nLebsackstad, NJ 009',0,'189293996989'),(9,'Miss Adah Kessler Jr.','1-999-794-','2160 Schuster Oval\nSawaynberg, ME 64753-0602',0,'885273702070'),(10,'Tamia Hyatt DVM','+26(1)7169','63159 Morar Highway\nLake Halie, TN 79529-9007',0,'323054851591'),(11,'Mr. Ramon McDermott PhD','312-436-94','9029 Kameron Hollow\nJenamouth, NY 05013',0,'503257085755'),(12,'Mark Beahan','(546)730-6','225 Kattie Road\nCassinborough, MS 19895-9911',0,'662316766753'),(13,'Cecilia Breitenberg IV','(171)805-8','2598 Buckridge Canyon Suite 499\nMooretown, WA',0,'320036715269'),(14,'Laurie Vandervort','055.305.98','208 Quinton Pine\nGeneralhaven, GA 74496',0,'551814819872'),(15,'Torrey Nitzsche','0059952755','0681 Metz Club\nDionstad, AR 42563',0,'173596005886'),(16,'Prof. Karelle Kling I','733.489.53','046 Kayli Mountain Suite 092\nRoryview, VA 626',0,'539075608178'),(17,'Prof. Anahi Schneider','0742455436','643 Saige Drive\nEast Camylleberg, NC 43972-75',0,'830235584452'),(18,'Caterina Murazik','329-517-15','4398 Sabryna Shores Apt. 151\nEast Lorine, WA ',0,'231328673660'),(19,'Cedrick Friesen','0218718671','902 Luettgen Islands Apt. 692\nThompsonland, P',0,'650913605466'),(20,'Mr. Erich Berge III','365.487.74','54598 Nolan Ville Apt. 721\nEast Lelah, MT 309',0,'539587527513'),(21,'Imelda Sipes','572-995-76','01436 Alessandra Crest Suite 259\nSouth Floren',0,'354803908243'),(22,'Mr. Maximus Crona MD','877.864.23','823 Dicki Gardens\nSengermouth, OH 92243-4205',0,'133882747218'),(23,'Reinhold Bergnaum','+71(5)4879','82621 Runolfsson Grove\nPort Paxtonhaven, KS 6',0,'325139661505'),(24,'Mylene Johnston','1-759-780-','38915 Effertz Summit\nSouth Paolo, OK 30885-24',0,'583608514070'),(25,'Mr. Moriah Schuppe','1-941-358-','0283 Kihn Neck\nWest Emerald, MI 30692-3300',0,'552636365965'),(26,'Prof. Hipolito Wiegand','558.487.08','90935 Jessyca Union\nLake Gilbert, NM 53882-01',0,'312890788912'),(27,'Mrs. Earnestine Crist Jr.','123.027.96','97974 Balistreri Passage Suite 504\nLake Bertr',0,'494475470483'),(28,'Dr. Santino Hermann II','736.885.12','5267 Jonathon Cliffs Suite 611\nVellastad, OH ',0,'507041515782'),(29,'Anne Christiansen','170.515.00','2929 Effertz Park\nCormierburgh, NC 49944',0,'782900010049'),(30,'Ward Crooks','1-217-090-','49603 Cormier Walk\nEmersonview, CA 82390',0,'872239250689'),(31,'Prof. Guiseppe Mante','319-629-26','8000 Sawayn Islands\nBashirianport, CT 71991',0,'155459969863'),(32,'Micaela Brekke Sr.','1-311-478-','139 Hayes Springs Suite 208\nNorth Jaunitaburg',0,'473212426155'),(33,'Maryse Klein','059-580-01','3046 Harber Trail\nSatterfieldburgh, ME 45595',0,'805340223386'),(34,'Prof. Noel Kerluke','(483)631-1','19025 Ubaldo Stream\nHayleystad, ND 67922-8872',0,'672328496351'),(35,'Ivy Auer','(888)915-9','404 Mayer Pines Apt. 705\nNorth Krisburgh, LA ',0,'797335848212'),(36,'Kathryne Kemmer','583.884.83','4212 Aidan Hollow Apt. 099\nCletatown, ID 1603',0,'464864232391'),(37,'Jaclyn Breitenberg','969.489.87','9544 Rath Gateway Suite 697\nPort Darrick, OH ',0,'379373916238'),(38,'Chloe Buckridge DVM','0670369601','090 Heathcote Walk\nFernmouth, AR 88471',0,'473154166340'),(39,'Dr. Lia Boyle II','545.258.43','2790 Kuhic Springs Apt. 662\nKeshaunland, TX 2',0,'319838113337'),(40,'Isai Rice','(000)028-6','319 Reynolds Viaduct\nDestineestad, WV 00822-8',0,'866142776980'),(41,'Scotty Rodriguez','906-224-74','469 Rafael Junction Apt. 463\nEast Stanford, H',0,'708141617849'),(42,'Jarvis Larson DDS','960-624-51','66401 Alice Bypass\nNorth Tianna, AZ 49759',0,'487098431214'),(43,'Arvel Pacocha','(716)031-8','15343 Alex Causeway Suite 655\nWest Darrellton',0,'115162078663'),(44,'Maida Streich','(864)167-6','76987 Moen Mission\nFidelchester, MD 93402',0,'664988277107'),(45,'Verdie Klocko','(528)878-5','59887 Larkin Island Suite 201\nSouth Tara, DC ',0,'622446098923'),(46,'Friedrich Ritchie','(517)670-9','146 Kihn Pike Suite 948\nOrnton, PA 64717',0,'568148243799'),(47,'Shaylee Dare Jr.','491-063-36','694 Giles Divide Suite 860\nEwaldville, IL 952',0,'468087602779'),(48,'Bernard Heller','(065)531-7','68192 Sherman Garden Apt. 386\nSouth Martinato',0,'785291101410'),(49,'Prof. Alize Harvey','+27(8)7822','6766 Hegmann Ports\nEast Lucienne, NY 30609',0,'172238412871'),(50,'Miss Bailee Dickens III','+51(5)2811','68442 Veum Inlet Apt. 828\nEast Sam, WV 46847',0,'734933132305'),(51,'Edyth Blanda','(286)364-0','871 Estevan Crescent Apt. 829\nIsobelfort, AL ',0,'520924808457'),(52,'Candice Bruen','1-670-351-','554 Kathleen Forge Apt. 928\nPort Richardview,',0,'660616433247'),(53,'Kennedi Beier','1-116-995-','1803 Little Plaza\nRaufurt, WV 86314-4587',0,'686367158219'),(54,'Berta Blick','316.153.53','8116 Romaguera Forges Suite 424\nEdgarside, MN',0,'113721209391'),(55,'Rashad Crooks','811-267-65','496 Klein Port\nBeerburgh, CO 26709-9931',0,'555259693041'),(56,'Ms. Eden Gorczany','185.168.44','461 Eryn Trafficway Suite 763\nNew Wilhelminep',0,'684885798767'),(57,'Christelle Kreiger','0443796321','78979 Prosacco River\nSerenitymouth, GA 81842-',0,'828789375722'),(58,'Alfredo Upton IV','202-449-81','1085 Esther Courts\nAdellebury, AZ 71822',0,'605041757225'),(59,'Tyson Gutkowski','972.066.59','40628 Rosalee Station\nNew Quintenburgh, AZ 48',0,'283412287756'),(60,'Guadalupe Effertz III','1-081-396-','524 Fleta Plain\nMathiasmouth, AR 64208',0,'854749787598'),(61,'Claudine Langworth','+03(2)5935','43923 Casper Ways Suite 168\nEast Blaisefort, ',0,'576938324421'),(62,'Neva Pouros','367.962.53','81021 Kuphal Mall Suite 376\nTannerton, OK 298',0,'631877398863'),(63,'Deanna Cremin DVM','883-240-98','4038 Timmy Trail\nLake Noemy, MA 51125-1313',0,'655646137893'),(64,'Muriel Langworth','(804)876-7','7911 Buster Well\nHaleyborough, AZ 17528',0,'427072117105'),(65,'Zoe Rice','099-131-36','960 Leannon Streets\nEast Jaquanton, ID 76993',0,'484626400098'),(66,'Brennan Hamill Jr.','483.347.56','091 Lubowitz Crossing\nMayertland, MD 14126',0,'199842613935'),(67,'Ramon Gaylord','1-383-282-','74240 Devan Falls\nNorth Esmeralda, VA 80631-9',0,'496101437881'),(68,'Helga Lehner','+87(7)9835','29180 Durgan Flats\nPfefferland, IN 29022-4405',0,'101826450601'),(69,'Osvaldo Erdman','(604)147-5','3392 Van Pines Apt. 887\nPort Armani, AK 61225',0,'484256655722'),(70,'Dr. Avery Padberg II','0779054034','40543 Heidenreich Locks\nDereckchester, MA 093',0,'369986236095'),(71,'Veronica Emard','+29(8)8755','44766 Lonzo River\nSchuppeside, IN 77845-0246',0,'274386896938'),(72,'Ms. Prudence Crooks DVM','1-705-041-','63751 Hyatt Park\nJudgefurt, FL 45801-8072',0,'591147215664'),(73,'Ms. Guadalupe Moen','1-294-176-','03971 Cormier Track Suite 226\nNorth Stoneshir',0,'707386166974'),(74,'Prof. Ernestina Dooley','379.845.05','799 Gerlach Harbor Suite 260\nDaltonchester, M',0,'571266682818'),(75,'Miss Annamarie Zboncak PhD','461.851.13','45502 Stiedemann Well Apt. 777\nNorth Rogelioc',0,'732938005402'),(76,'Miss Viva Schmidt II','+61(5)8745','2533 Orn Lights\nPort Frederick, PA 98972-3035',0,'452751073986'),(77,'Selina Rowe','1-371-072-','6068 Magali Fields\nLeonardoview, CA 19061',0,'459344205632'),(78,'Hilario Monahan','(040)942-5','1101 Hammes Way Suite 208\nBorerport, VT 26945',0,'590376365184'),(79,'Tevin Becker Sr.','770-265-20','333 McGlynn Courts Suite 843\nLake Onaside, IN',0,'180837307870'),(80,'Dr. Howell Hauck Jr.','546.266.21','304 Cronin Walk\nLake Keyshawnville, OK 36179',0,'107165199518'),(81,'Dejah Conn','174-613-70','775 Marvin Mountain Suite 630\nLake Estel, NJ ',0,'733770720288'),(82,'Dr. Cristobal Flatley Jr.','(388)211-5','5655 Maddison Avenue\nWest Schuylerborough, MS',0,'768677430972'),(83,'Laury Boyer','233.962.42','591 Watsica Street Apt. 411\nSouth Annetteches',0,'221663113310'),(84,'Wiley Hettinger','1-730-323-','68975 Abshire Heights Suite 276\nNorth Rodger,',0,'541008251160'),(85,'Dr. Ian Konopelski','1-757-822-','4039 Frami Extensions\nDareburgh, LA 77351',0,'733327228203'),(86,'Kianna Gusikowski','(493)630-6','79829 Max Road Apt. 318\nOrnport, RI 41835-446',0,'519338353350'),(87,'Mrs. Audra Effertz','(021)856-8','90576 Torp Roads\nKreigerhaven, MS 58922',0,'471698709204'),(88,'Cleta Ritchie','(101)226-7','358 Kutch Divide\nLynchside, TX 51024-2699',0,'338457768037'),(89,'Sigrid Murazik','723.743.34','5912 Dena Corner\nNew Lizethmouth, VA 16199-87',0,'796968995034'),(90,'Nicholas Orn','0057031427','3760 Wintheiser Parkways Suite 275\nLake Lance',0,'598940042406'),(91,'Amy Tromp','(533)667-8','022 Noe Rapid\nSouth Markland, OK 70292',0,'417400628700'),(92,'Prof. Jamison Pacocha','1-379-117-','771 Botsford Curve Apt. 091\nPhilipview, CO 36',0,'499100356549'),(93,'Marcos Cronin','(312)507-9','91449 Crona Mews Suite 248\nBergestad, VA 1213',0,'603770244121'),(94,'Eulalia Moore','(897)596-1','3932 Nicolas Ports\nNorth Andrechester, AR 694',0,'238832001388'),(95,'Ladarius Ullrich','258-854-26','8052 Libby Point\nLake Dominicland, DE 22929',0,'106984592601'),(96,'Krystel Champlin','204-792-54','246 Nils Viaduct\nLake Izabella, OK 91242-8103',0,'584772790595'),(97,'Herbert Okuneva','(375)862-0','119 Pauline Canyon\nZiemefort, IL 28280-2562',0,'620260648429'),(98,'Marisol Auer','1-094-636-','019 Ryan Glen\nNew Anastacioside, IL 15337-101',0,'130212222039'),(99,'Dorian Davis','792.472.32','61136 Geovanni Crescent\nReichelshire, FL 7476',0,'452531493082'),(100,'Laury Maggio','(532)881-4','568 Darrell Fields Suite 207\nFrancescochester',0,'538002363592'),(101,'Ila McCullough','433.224.38','985 Maureen Village Apt. 780\nHermanmouth, FL ',0,'793644692003'),(102,'Else Beier','104-030-80','19451 Reichel Place\nMayerview, WI 22543',0,'302627713978'),(103,'Jacinthe Nicolas','+53(3)7658','2420 Carlee Throughway Apt. 606\nJessycashire,',0,'227077274769'),(104,'Dorian Powlowski','+57(1)4559','98750 Verna Landing\nScottieland, VT 20535-062',0,'606751258298'),(105,'Ian Spinka','1-945-891-','99299 Jaren Track Suite 907\nLake Jettberg, WV',0,'422948540374'),(106,'Emerald Reinger','978.471.52','103 Lizeth Tunnel\nNew Natalie, NC 80556',0,'618834909796'),(107,'Prof. Genevieve Bradtke','667-072-97','2430 Stoltenberg Forks\nNew Dulce, NJ 49625-46',0,'262805717065'),(108,'Kaelyn Schoen III','+86(8)5690','454 Jast Pass\nHayleyfort, OK 99810',0,'503110727667'),(109,'Mrs. Elnora Stracke I','952.035.59','260 Shayne Center\nOberbrunnershire, ND 61329',0,'457031333819'),(110,'Dayana Marvin IV','411-365-70','200 Gislason Forest\nGleichnerchester, MS 4697',0,'483203420042'),(111,'Bernardo Goodwin','(561)737-0','772 Terrill Wall\nPort Tess, IL 40152-2215',0,'665292303636'),(112,'Prof. Lonzo Becker PhD','780-256-04','863 Kianna Burgs\nEast Whitney, CT 49287-4868',0,'890640005841'),(113,'Marlin Mueller','161.310.00','8346 Chauncey Dale\nGarrisonport, IL 38562',0,'867918393760'),(114,'Prof. Leopoldo Steuber PhD','1-491-083-','862 Emery Underpass Suite 161\nWardmouth, MO 8',0,'399555964767'),(115,'Marcus Stark','558-134-75','4269 Bradtke Knolls\nWymanland, MN 58803',0,'354695588350'),(116,'Prof. George Zieme','804.396.59','632 Aron Fork\nEast Randy, IN 79636-6359',0,'843455341085'),(117,'Ms. Nellie Walsh Sr.','291-092-20','5690 Ewald Isle Apt. 836\nNorth Chesley, NM 23',0,'713960023596'),(118,'Nicholaus Pollich','1-197-144-','48214 Roob Camp Apt. 108\nWuckertton, ME 13518',0,'412082374468'),(119,'Jackson Kassulke','(124)527-2','20983 Adams Orchard\nCoralieshire, WI 14232-91',0,'718849284201'),(120,'Greta Hane','528-831-23','357 German Coves Suite 352\nMarlonstad, VA 567',0,'797576485574'),(121,'Kaia Dickinson','821-459-12','4556 Lloyd Rue\nWest Elinorside, DE 12992-8161',0,'885599986091'),(122,'Dr. Layla Leuschke','+55(2)8810','83458 Jacinthe Row Apt. 516\nPeterville, AR 73',0,'416345567256'),(123,'Erin Pfeffer','641-159-34','0072 Janae Prairie Suite 689\nAdelineshire, WV',0,'484734969586'),(124,'Dr. Jeffry Mueller','721.254.25','876 Constance Branch Apt. 026\nLake Katherine,',0,'596976032480'),(125,'Stephan Shields','842-304-08','26658 Bauch Point Apt. 451\nNorth Colleen, IL ',0,'405264533311'),(126,'Helmer Mertz','954.799.25','41048 Orval Walks Apt. 585\nLake Beau, DC 7176',0,'331664692983'),(127,'Julio Corwin','383.996.00','118 Koepp Loaf Suite 719\nPort Francostad, ME ',0,'628326116874'),(128,'Loyce Bode','(064)835-5','31719 Elizabeth Gardens Apt. 497\nNorth Ernest',0,'110230074450'),(129,'Cristobal Effertz','(943)989-0','7347 Laurie Park Suite 539\nJanessachester, IA',0,'897634032741'),(130,'Dr. Conrad Gleichner','323.042.48','6530 Fay Extension\nLowefurt, MI 32281',0,'790677362680'),(131,'Freda Nitzsche IV','(001)914-1','4530 Rosalinda Common Suite 046\nShawnatown, N',0,'354625740274'),(132,'Prof. Gerson Rosenbaum II','(315)396-0','17413 Marques Summit Apt. 274\nShemarview, KY ',0,'828698457032'),(133,'Marquis Bahringer Sr.','(657)151-2','287 Santina Rue Apt. 105\nEast Jakayla, OK 582',0,'356946529075'),(134,'Dr. Arnoldo Langworth','+63(4)4818','48386 Kemmer Isle\nHanefurt, DE 49657',0,'200402816757'),(135,'Kellie Harber','(482)621-7','106 Tristian Mission Suite 195\nEast Consuelov',0,'648389487713'),(136,'Imani Spencer','676.240.31','451 Cronin Hill\nDooleyshire, MN 99401-2459',0,'893906535953'),(137,'Kailey Casper','442.720.41','6393 Spinka Estate\nMadelynchester, AK 59503',0,'734312528371'),(138,'Neoma Fisher','659.022.10','3340 Lang Turnpike Suite 918\nMoisesburgh, NJ ',0,'784888699278'),(139,'Marty Marquardt','1-281-645-','919 Jeffery Stravenue\nJoshuahborough, UT 8549',0,'448198236897'),(140,'Thelma Weber','(028)285-3','673 Fay Street\nWest Veronabury, MI 28706',0,'668064364790'),(141,'Dr. Kenny Kuhn Jr.','(911)099-2','96264 Garrison Extension Apt. 806\nLake Adelah',0,'167092164605'),(142,'Dr. Vincenzo Keeling','1-646-111-','84793 Shanahan Extension Apt. 021\nNew Kacey, ',0,'121867745369'),(143,'Brendan Hyatt','443.019.43','47247 DuBuque Springs Apt. 380\nAlethaland, VA',0,'543355584517'),(144,'Alfred Von','955.097.03','1441 Runolfsson Cliff\nEast Jessy, DC 63072-93',0,'371840950474'),(145,'Maddison Stanton','294.185.70','9044 Billie Ridge\nNorth Clementineview, VA 68',0,'668255241960'),(146,'Krystina Ward','249.871.03','6383 Yvette Vista\nFrankieland, VT 42230',0,'214143747463'),(147,'Dr. Horace White','154.395.06','1801 Karianne Spring\nRooseveltberg, ID 87307-',0,'435035114362'),(148,'Emily Runolfsdottir','744-183-73','3107 Marlen Camp Apt. 761\nHarveyville, MI 778',0,'463956032320'),(149,'Dr. Chester Crooks III','534.262.45','428 Gertrude Avenue\nAntonetteton, CT 72583-43',0,'617242342233'),(150,'Deven Huels','(906)260-3','8825 Delores Key Suite 416\nFaybury, SD 96988',0,'460777099430'),(151,'Juana Schumm','1-288-333-','04978 Hills Parkway Suite 292\nBarrowsmouth, V',0,'427500180900'),(152,'Hillard Bode','1-936-566-','94815 Domenic Isle Suite 535\nNorth Levitown, ',0,'432313014939'),(153,'Prof. Eusebio Ryan','+50(6)8205','9425 Aric Grove\nPort Jedidiahton, SC 46684',0,'368137287721'),(154,'Prof. Keith Casper IV','(350)796-4','972 Windler Valley\nWest Gloria, OK 43065',0,'714964779466'),(155,'Aaron Schultz','0228642407','3931 Crist Stream Suite 193\nMarciastad, MO 46',0,'105581915751'),(156,'Keely Hessel','048.932.47','263 Caleigh Rapid\nMittieton, SD 00183',0,'480441715568'),(157,'Marlon Hartmann PhD','(901)980-5','7602 Tianna Road\nNorth Petermouth, OH 81337-4',0,'735668598115'),(158,'Garret Cartwright','724.503.14','637 Malcolm Shores Suite 055\nJenkinsberg, KY ',0,'349472883716'),(159,'Curt McDermott','(465)862-4','63757 Beer Summit\nSouth Lukasport, DC 05332-4',0,'726465431228'),(160,'Ralph Hudson','954-794-69','86103 Boyer Prairie\nNorth Esmeraldaborough, H',0,'255409331992'),(161,'Abel Gerhold MD','510.736.23','52038 Jed Fall\nFilibertoton, WA 51675-6177',0,'888744828850'),(162,'Vernie Barton','(119)970-7','15082 Grady Ridges Suite 170\nSouth Novella, N',0,'636643565818'),(163,'Howell Jerde','1-200-288-','2033 Graham Drives Apt. 235\nWest Loraview, AL',0,'632918704301'),(164,'Cheyenne Grimes II','656.750.63','6746 Alfreda Ridges Suite 458\nMandymouth, AK ',0,'395658640563'),(165,'Ms. Lupe McKenzie','084.938.39','131 Clark Streets Suite 635\nLake Zella, SC 76',0,'769563439115'),(166,'Justice Hartmann','1-513-532-','2169 Price Mill Apt. 990\nDarenburgh, OR 40275',0,'751058800518'),(167,'Millie Senger','1-894-255-','883 Amelia Ridges\nBrionnaland, SC 73864-3757',0,'550528968498'),(168,'Keon Wolf','122-167-48','3553 Welch Lodge Apt. 198\nEast Emile, WV 9038',0,'107802569493'),(169,'Cruz Wiegand','1-421-233-','7502 Heather Bypass Suite 446\nHankland, WY 83',0,'516652399674'),(170,'Ebony Tromp','(325)398-9','3898 Reinger Coves Suite 453\nAbrahamberg, SC ',0,'330979605764'),(171,'Kaitlin Rolfson IV','510.398.37','724 Art Cliffs Apt. 019\nWest Cletachester, MS',0,'627962822839'),(172,'Prof. Neil Kuhlman Sr.','941-403-27','5562 Roberts Brooks Suite 043\nBruenmouth, KY ',0,'603005390986'),(173,'Roscoe Hoeger','076.756.09','149 Nico Corner\nLilianmouth, MD 12117-6327',0,'175788645446'),(174,'Dr. Jarvis VonRueden PhD','448.386.81','8175 Olson Tunnel Suite 161\nBartolettiton, NH',0,'278871017321'),(175,'Kristofer Klein','1-005-945-','381 Hane Inlet Apt. 788\nBernhardfurt, FL 2292',0,'862750815227'),(176,'Moshe Morissette','1-618-612-','44867 Tianna Corner Suite 132\nHarleystad, IA ',0,'312788362056'),(177,'Kenton Goodwin DVM','747-340-72','02328 Kirlin Harbors\nHobartport, NJ 40881-843',0,'392675974592'),(178,'Libbie Kohler','030.483.38','153 Bogan Rest\nLake Pinkieburgh, ME 50921-745',0,'344555516541'),(179,'Missouri Williamson PhD','(943)984-0','157 Lorna Trail\nEast Minervaview, DC 56659-95',0,'734797308966'),(180,'Miss Brooklyn Howe DVM','+91(0)6829','8419 Alexandra Point\nNorth Nash, UT 84073',0,'635797132924'),(181,'Cara Lebsack Jr.','575.177.21','292 Kacey Ridge\nMurphychester, MT 93362-5306',0,'194770863279'),(182,'Queen Trantow','(513)246-8','60657 Aaron Well\nNew Adityaburgh, IA 34770',0,'712643982097'),(183,'Mona Nienow','(552)299-2','27071 Jakubowski Manors\nZboncakhaven, OR 4068',0,'487813632935'),(184,'Dr. Pablo Blanda','695-606-76','2649 Jaskolski Causeway Suite 878\nMarcoshaven',0,'390117565542'),(185,'Taryn Murphy','1-325-757-','308 Braulio Turnpike Suite 342\nMonahanside, F',0,'336592871323'),(186,'Dr. Shanon Altenwerth III','(748)334-6','20631 Vern Rapids Apt. 990\nSadyeside, VA 7583',0,'286744560673'),(187,'Rudolph Sauer','786-393-03','867 Herzog Plains Apt. 212\nPort Jerod, NC 863',0,'858581266179'),(188,'Florence Christiansen','297-227-14','029 Veum Union\nSouth Giles, WI 40056',0,'592502525448'),(189,'Dr. Mozell Reynolds','074-232-07','4757 Aileen Alley\nSchneiderland, RI 01989',0,'739001410454'),(190,'Nella Windler DVM','0086758805','7444 Chase Burgs Apt. 491\nTownefort, MI 64730',0,'688732782751'),(191,'Orlando Bode','044.472.44','110 Parker Islands\nLake Genoveva, AK 48618',0,'761125754565'),(192,'Dr. Brycen Mills','780.979.46','467 Maxine Court Suite 826\nNew Jonas, HI 2270',0,'893091256916'),(193,'Prof. Jamar Kunze IV','242-669-64','17446 Feest Underpass\nPort Thaliaberg, AK 076',0,'439142740145'),(194,'Vesta Renner','1-744-458-','93122 Wiza Neck\nAnastacioside, HI 98233',0,'850130622833'),(195,'Eveline Dicki','+99(1)8164','49088 Lily Stream\nSchoenberg, NJ 78518',0,'640927349776'),(196,'Kathryne Gleason I','670.139.35','4231 Alva Shore Suite 235\nNorth Winston, NC 2',0,'468146380782'),(197,'Lorenza Altenwerth','+04(6)5481','641 Mann Ridge Suite 301\nHortenseview, IA 610',0,'185310556367'),(198,'Oceane McGlynn','0588368879','518 Alvina Garden Apt. 272\nZboncakborough, SD',0,'440759884566'),(199,'Prof. Kennedi Daugherty DVM','(704)694-4','1432 Goldner Forest Apt. 106\nMagdalenaborough',0,'160713911429'),(200,'Akeem Bayer II','1-637-936-','785 O\'Reilly Hill Suite 864\nLake Saraihaven, ',0,'513178249448'),(201,'Tyler West','309-646-18','14926 Kub Fort Apt. 397\nEast Adrain, MA 48159',0,'792939429730'),(202,'Sandrine Emard','128-515-35','44215 Kohler Lock Suite 098\nHarveyfort, ME 65',0,'360217457637'),(203,'Priti Patel','6093349922','211 N 5th Street, Harrison, NJ 07029',0,'7314-5113-6412'),(204,'Priti  Patel','6093349922','211 N 5th Street, Harrison, NJ 07029',0,'2084-3332-9507'),(205,'Hiral Patel','3478217781','6904, Amethyst Lane, Plano, TX 75023',0,'216315977854'),(206,'Bhavesh Patel','3479087890','211 N 5th Street, Harrison, NJ 07029',0,'974324247813');
/*!40000 ALTER TABLE `reader` ENABLE KEYS */;
UNLOCK TABLES;
/*!40103 SET TIME_ZONE=@OLD_TIME_ZONE */;

/*!40101 SET SQL_MODE=@OLD_SQL_MODE */;
/*!40014 SET FOREIGN_KEY_CHECKS=@OLD_FOREIGN_KEY_CHECKS */;
/*!40014 SET UNIQUE_CHECKS=@OLD_UNIQUE_CHECKS */;
/*!40101 SET CHARACTER_SET_CLIENT=@OLD_CHARACTER_SET_CLIENT */;
/*!40101 SET CHARACTER_SET_RESULTS=@OLD_CHARACTER_SET_RESULTS */;
/*!40101 SET COLLATION_CONNECTION=@OLD_COLLATION_CONNECTION */;
/*!40111 SET SQL_NOTES=@OLD_SQL_NOTES */;

-- Dump completed on 2017-12-13  0:20:12
